index,cmdb_type,digest,start_max,start_min,start_sum,start_mean,start_std,po_max,po_min,po_sum,po_mean,pu_max,pu_min,pu_sum,pu_mean,label
79,0,0,32000,-268000,-411000,-102750.0,136464.9680320924,2.736107459154076,0.7457542161834766,5.170501672930504,1.292625418232626,1.3671823160729857,0.7932286557602202,4.576811254935351,1.1442028137338378,0
79,0,1,-91000,-267000,-1366000,-227666.66666666666,64927.30978221379,1.746326914388091,0.5158660852306219,7.68120706323587,1.2802011772059785,3.168498383992228,0.6771639320442575,8.28977689681937,1.3816294828032285,0
79,0,2,33000,27000,60000,30000.0,3000.0,1.8226459508862836,1.241735999279406,3.0643819501656893,1.5321909750828446,1.400751678226348,1.1633336072848586,2.5640852855112066,1.2820426427556033,0
79,0,3,155000,-87000,-193000,-38600.0,96800.0,1.0445690733398936,0.6775808036586861,4.1853192062615,0.8370638412523,1.715626238826976,0.9532065786364716,6.523861948413269,1.3047723896826537,0
79,0,4,-26000,-267000,-587000,-146750.0,85206.73388881891,1.2250919413228447,0.8416319005028705,4.344839276478103,1.0862098191195257,2.2244389408356495,0.7843972242434282,4.722508491364881,1.1806271228412202,0
79,0,5,-28000,-208000,-464000,-116000.0,66272.16610312357,1.1911708236723897,0.6482706514966606,3.501973802241034,0.8754934505602585,1.275399933471405,0.649469029744605,3.843788329187884,0.960947082296971,0
79,0,6,213000,93000,885000,177000.0,48000.0,2.2889997137008886,0.6269230733265967,5.882731184605286,1.1765462369210573,2.500579096758778,1.112498205247265,8.794178122859115,1.758835624571823,0
79,0,7,246000,246000,246000,246000.0,0.0,1.2761020694276168,1.2761020694276168,1.2761020694276168,1.2761020694276168,2.121287488337774,2.121287488337774,2.121287488337774,2.121287488337774,0
79,0,8,115000,-267000,-212000,-42400.0,127983.74896837489,2.242775182055233,0.6278609826711065,6.442931438100604,1.2885862876201208,2.107992638886782,0.7182808175302108,5.618377040305758,1.1236754080611515,0
79,0,9,155000,-267000,-672000,-134400.0,158852.8879183504,2.402985220493859,0.7122674848521608,7.857592763521903,1.5715185527043807,2.5848163456196374,1.0887024275706914,8.34128315925323,1.668256631850646,0
79,0,10,152000,-148000,-138000,-27600.0,113844.80664483558,1.8222577180762949,0.8279150639695343,6.670169991423862,1.3340339982847724,1.3223662905015072,0.7744247435330582,4.688358289376378,0.9376716578752756,0
79,0,11,233000,-267000,-219000,-54750.0,191058.0736320766,1.3351299283086984,0.5966483757910078,3.5145693329295677,0.8786423332323919,2.1540747652519747,0.855678996531678,5.553477416002119,1.3883693540005297,0
79,0,12,152000,-150000,856000,77818.18181818182,79381.49335709997,4.112823260427775,1.286203442059971,21.98313083366343,1.9984664394239482,4.112823260440057,1.6606256428837114,28.380446027840307,2.5800405479854827,1
79,1,0,272000,132000,404000,202000.0,70000.0,1.2134920199547732,1.070535398106815,2.284027418061588,1.142013709030794,1.5449178975818605,1.0257312665874907,2.5706491641693514,1.2853245820846757,0
79,2,0,300000,-299000,-12924000,-74275.86206896552,170986.06447587034,17.465376323980582,0.09606090226193022,287.6423093239885,1.6531167202528076,18.203659343623162,0.1919787690629935,339.02291661766503,1.94840756676819,0
80,0,0,212000,-285000,-195000,-24375.0,154804.66522362948,1.6741341134777634,0.6264956063127082,8.574197091903951,1.0717746364879939,1.6389888573739593,0.6465525423299786,9.356933629183127,1.1696167036478908,0
80,0,1,213000,-207000,171000,24428.571428571428,113064.90821376788,1.7810562245760235,1.1275363337388469,10.177734329028963,1.4539620470041377,1.4821430560645736,0.5226613904458455,5.62095809832587,0.8029940140465529,0
80,0,2,-29000,-90000,-119000,-59500.0,30500.0,1.1453275034389832,0.8360073796312061,1.9813348830701893,0.9906674415350947,0.9773889907013279,0.9021039264459825,1.8794929171473105,0.9397464585736552,0
80,0,3,94000,-207000,-881000,-110125.0,99391.19364913573,1.0485555407050862,0.6069040722416368,6.850250726085241,0.8562813407606551,1.909541381179426,0.8939211893140045,10.56036484290799,1.3200456053634988,0
80,0,4,273000,-267000,-565000,-51363.63636363636,189969.98457999178,1.7198922383489184,0.6030351013755317,10.300180977713191,0.9363800888830174,2.38119440064617,0.7089609707404888,13.74988159076631,1.2499892355242102,0
80,0,5,212000,-208000,223000,31857.14285714286,115561.27449654277,1.7224384884085253,0.5638102854319695,6.975936791859449,0.9965623988370641,2.3499704473449614,1.100861011747456,11.715804352057146,1.6736863360081637,0
80,0,6,33000,-267000,-235000,-33571.42857142857,100390.46218620165,1.633510770349969,0.827180016523689,7.145340569938628,1.020762938562661,1.0048757151373922,0.6838895709586948,6.318773578985079,0.9026819398550112,0
80,0,7,213000,-300000,-209000,-19000.0,145410.39102547595,1.4287523125110235,0.6475783344076235,12.903734332022285,1.1730667574565714,1.6695550013499882,0.7008412862368699,11.409144364243334,1.0371949422039395,0
80,0,8,285000,33000,351000,117000.0,118793.93923933999,2.226430665498991,1.5446930027130554,5.315816670925102,1.7719388903083673,2.898894488980769,0.7540380332479818,4.406970555476732,1.4689901851589109,0
80,0,9,154000,-267000,-640000,-106666.66666666667,165389.10349704287,1.3447313472853568,0.6230289215882451,5.175149184898715,0.8625248641497859,1.5384619103361008,0.8655881150928194,7.493235526388586,1.248872587731431,0
80,0,10,-28000,-208000,-560000,-112000.0,72000.0,1.5969917202206991,0.6110056032363113,5.547784622843896,1.109556924568779,1.3868542241794812,0.9610986478272608,6.096128257330645,1.219225651466129,0
80,0,11,271000,31000,1087000,120777.77777777778,98659.6594108338,5.759348148311015,0.7555925668643376,26.831447780272757,2.981271975585862,4.631065395956617,0.5992875160123351,18.628339291935355,2.069815476881706,0
80,0,12,-150000,-210000,-360000,-180000.0,30000.0,0.9520951765069695,0.7929376639050926,1.745032840412062,0.872516420206031,1.0640867610747529,0.9124237453435826,1.9765105064183355,0.9882552532091677,0
80,1,0,282000,-209000,73000,36500.0,245500.0,2.681179485290677,0.7374910734013429,3.4186705586920203,1.7093352793460102,2.183756673571509,1.326690744258978,3.5104474178304867,1.7552237089152434,1
80,2,0,299000,-300000,-11580000,-62934.782608695656,176385.06569113437,18.205178396511354,0.2280113943658907,276.8455207138201,1.5045952212707616,18.203659344063777,0.18556536637400875,337.3377541082252,1.8333573592838328,0
81,0,0,-214000,-284000,-1847000,-263857.14285714284,21155.401683923737,0.7453648851303161,0.6022376977067193,4.666592499174981,0.6666560713107116,2.0321961025429265,1.0722502199385844,11.470115090308978,1.6385878700441396,0
81,0,1,150000,-206000,-162000,-14727.272727272728,80477.08980493191,1.8300067347692441,1.0255164196510458,15.446690674620935,1.4042446067837213,3.9982779866592244,0.5479652381680103,22.56921183795588,2.051746530723262,0
81,0,2,-147000,-147000,-147000,-147000.0,0.0,0.8919436385543759,0.8919436385543759,0.8919436385543759,0.8919436385543759,0.8919436385543761,0.8919436385543761,0.8919436385543761,0.8919436385543761,0
81,0,3,33000,-206000,-241000,-60250.0,88485.52141452295,2.033960234991772,0.5926870195425373,4.075050486150911,1.0187626215377277,2.42341528581735,1.198228086266754,6.906061039786556,1.726515259946639,0
81,0,4,-7000,-194000,-227000,-75666.66666666667,84033.06227643711,0.9423197231795375,0.6548245557747256,2.430382008622595,0.8101273362075316,1.834792762654232,0.9705571470061162,3.9439349175660166,1.3146449725220055,0
81,0,5,152000,-88000,99000,19800.0,109417.36608052673,1.5274148018597176,0.6353849155132836,4.702797220677612,0.9405594441355223,5.0707752214122825,0.8733228893165056,13.37598699851181,2.6751973997023617,0
81,0,6,153000,33000,957000,106333.33333333333,54974.74167490214,3.253794161889208,0.8947557683952624,17.236865022295166,1.915207224699463,1.980289012317937,0.5217459109498814,12.022981910466342,1.3358868789407046,0
81,0,7,213000,-27000,141000,15666.666666666666,73780.45510537026,1.7948542045802796,0.5412718522626707,8.930725991552208,0.9923028879502453,1.8986070403349238,0.8040004280605494,12.724766625205916,1.413862958356213,0
81,0,8,165000,-67000,93000,31000.0,98074.80138479336,1.0936247431033344,0.610850693346128,2.3195024708598595,0.7731674902866198,1.2211612922415749,1.0288710308343976,3.3531574703160105,1.1177191567720035,0
81,0,9,191000,-284000,-952000,-86545.45454545454,183731.20863041584,2.5719127786187133,0.599870688297504,14.882627320724001,1.3529661200658183,2.6028126726831617,0.7789970692686098,16.08218545296699,1.4620168593606353,0
81,0,10,-148000,-207000,-503000,-167666.66666666666,27812.86672667087,0.9839028731261522,0.9266536990893024,2.837210271304757,0.9457367571015857,0.9375595417853108,0.8066910693368237,2.550941680458958,0.8503138934863194,0
81,0,11,153000,-184000,-54000,-10800.0,145764.741964578,1.3203366489976658,0.6005292985875287,4.95041139770075,0.9900822795401499,1.6368299865516136,0.9131355185987071,6.233753054958978,1.2467506109917956,0
81,0,12,272000,-172000,536000,107200.0,148149.11407092516,1.7503943244261493,0.9158473540030977,7.02547796676818,1.405095593353636,1.9858089548645832,0.9450368233541765,8.061088495286969,1.6122176990573938,0
81,1,0,68000,68000,68000,68000.0,0.0,1.0355054122542557,1.0355054122542557,1.0355054122542557,1.0355054122542557,1.8022568437453284,1.8022568437453284,1.8022568437453284,1.8022568437453284,0
81,2,0,300000,-298000,-7689000,-37325.2427184466,145429.2142352988,18.205178396511354,0.39916518646283533,421.4137654265436,2.0456978904201146,18.203659344063777,0.2245451986709158,330.34098268398486,1.6035970033203149,1
82,0,0,267000,-150000,31000,6200.0,150137.80336743974,2.0521518397734697,0.600289732838488,6.399992282995575,1.279998456599115,2.019559781103153,0.9221296954564706,6.134709877707364,1.2269419755414728,0
82,0,1,33000,-25000,41000,13666.666666666666,27341.462205879838,0.8312662696919635,0.7163222629867656,2.37676717932597,0.79225572644199,1.5303975083290053,0.9313042496386282,3.3963861231057777,1.132128707701926,0
82,0,2,94000,-273000,-440000,-88000.0,133380.65826798126,2.1664272644701317,0.6116741851215585,7.412303040559889,1.4824606081119778,1.392604366329227,0.7466047737154333,5.411725047469399,1.0823450094938798,0
82,0,3,-27000,-266000,-448000,-149333.33333333334,97653.58274135273,1.936665755057337,0.6055284388420968,3.242638422677338,1.0808794742257792,2.3918732612239615,1.0288359918379468,5.357375008123712,1.7857916693745706,0
82,0,4,175000,-147000,-28000,-5600.0,124972.95707472078,2.259533206693487,1.0993186342244277,7.432816751962095,1.486563350392419,1.1930592755398806,0.8387265545181192,5.147982095555778,1.0295964191111557,0
82,0,5,152000,-150000,66000,16500.0,137261.61153068254,1.1598734968058173,0.6002605939487963,3.355863303568073,0.8389658258920183,1.3521871762366706,0.7445978600492095,4.586030789797923,1.1465076974494808,0
82,0,6,183000,153000,839000,167800.0,12448.293055676348,1.0679013980219714,0.570463756253304,4.31327207111956,0.8626544142239119,3.3065723670784437,1.206514273061461,11.429169948982155,2.285833989796431,0
82,0,7,93000,33000,312000,78000.0,25980.76211353316,3.033118397410633,0.8457010344006239,7.151867739390797,1.7879669348476992,3.3566027394257745,0.7477146566451406,7.074205940911686,1.7685514852279216,0
82,0,8,-147000,-147000,-147000,-147000.0,0.0,1.499733292709003,1.499733292709003,1.499733292709003,1.499733292709003,1.2623991897329832,1.2623991897329832,1.2623991897329832,1.2623991897329832,0
82,0,9,274000,-207000,222000,74000.0,204549.9124093351,3.0100581712642174,0.6005611235214671,4.648401999307882,1.5494673331026272,2.837237687035545,1.0377827045221968,5.2959122839047765,1.7653040946349254,0
82,0,10,152000,-35000,7000,1166.6666666666667,67513.99031970254,1.3429312439600574,0.7765582680724896,6.778501634981225,1.1297502724968709,1.7180686106241665,0.8088559152184039,6.518166560896139,1.08636109348269,0
82,0,11,271000,-195000,252000,50400.0,189911.1371141777,6.244210950152252,0.6524639186367416,15.430913526270743,3.0861827052541484,1.1686661518543755,0.557940251303616,4.342049662882747,0.8684099325765494,0
82,0,12,31000,-148000,-189000,-37800.0,69260.08951770132,1.2591212007806172,0.6276159773095797,4.814422288606549,0.9628844577213098,1.7440865245809465,0.5870217163130657,5.208904361042839,1.0417808722085677,0
82,1,0,0,0,0,0.0,0.0,0.0,0.0,0.0,0.0,0.0,0.0,0.0,0.0,0
82,1,1,0,0,0,0.0,0.0,0.0,0.0,0.0,0.0,0.0,0.0,0.0,0.0,0
82,1,2,-2000,-2000,-2000,-2000.0,0.0,1.2376245264479377,1.2376245264479377,1.2376245264479377,1.2376245264479377,0.8733228893165055,0.8733228893165055,0.8733228893165055,0.8733228893165055,0
82,1,3,0,0,0,0.0,0.0,0.0,0.0,0.0,0.0,0.0,0.0,0.0,0.0,0
82,1,4,-271000,-271000,-271000,-271000.0,0.0,1.163020015464879,1.163020015464879,1.163020015464879,1.163020015464879,1.056742907094654,1.056742907094654,1.056742907094654,1.056742907094654,0
82,1,5,-43000,-43000,-43000,-43000.0,0.0,1.936665755057337,1.936665755057337,1.936665755057337,1.936665755057337,1.936665755061803,1.936665755061803,1.936665755061803,1.936665755061803,0
82,1,6,0,0,0,0.0,0.0,0.0,0.0,0.0,0.0,0.0,0.0,0.0,0.0,0
82,1,7,211000,211000,211000,211000.0,0.0,1.0284071083621658,1.0284071083621658,1.0284071083621658,1.0284071083621658,1.0174585172576343,1.0174585172576343,1.0174585172576343,1.0174585172576343,0
82,2,0,292000,-297000,-769000,-4993.506493506494,181336.00500474556,18.205178396511354,0.2262920228076395,315.6022852756453,2.0493654888028914,18.20365934396929,0.3070629843457404,270.6212000387646,1.7572805197322376,1
83,0,0,205000,-208000,356000,59333.333333333336,147358.59511937387,1.444454624119487,0.7039566963552369,6.29144335963589,1.0485738932726483,4.89762455895495,0.9346981987747963,10.788170205203734,1.7980283675339557,0
83,0,1,273000,168000,660000,220000.0,42871.90222045204,2.195374015360931,0.548628985355352,4.541984828193856,1.5139949427312853,2.240156886744219,1.230756763726712,5.239287476074583,1.7464291586915277,0
83,0,2,214000,30000,431000,86200.0,67827.42808038648,1.391120059633243,0.588851821168924,5.047490573296396,1.0094981146592792,1.284977174299428,0.8947557683952626,5.487501007834396,1.0975002015668793,0
83,0,3,273000,-211000,1267000,97461.53846153847,153663.27592129458,2.973240325354983,0.572743946586464,15.749345585881583,1.211488121990891,2.9735046084682555,0.7865832115409103,19.33499547853732,1.4873073445028706,0
83,0,4,274000,93000,460000,153333.33333333334,85324.21826317674,1.247603269382601,0.9207913334824835,3.1733773498522706,1.057792449950757,0.999426463173666,0.7384955829042168,2.658713379560367,0.886237793186789,0
83,0,5,152000,-22000,295000,59000.0,58882.93470947249,1.2680306513940285,0.9357310941100462,5.385532857029629,1.0771065714059258,1.1814445040140438,0.8404677740177252,4.765170963564564,0.9530341927129127,0
83,0,6,292000,-87000,2301000,177000.0,91920.53424227155,3.015154155929257,0.6258303521773659,22.039727262485588,1.6953636355758144,2.1194688923027316,1.1450871557150906,19.459056595565837,1.4968505073512182,0
83,0,7,237000,-234000,462000,92400.0,166411.05732492657,3.0332044666213376,0.6250051284277847,9.737982493722468,1.9475964987444936,2.550438571597346,1.028014867060551,9.32744373675523,1.865488747351046,0
83,0,8,274000,-135000,232000,77333.33333333333,167340.63729079344,1.6447211346286092,0.5963418735056374,3.1477008589314517,1.0492336196438172,0.9586189314416788,0.7875984425696171,2.6836480378977017,0.8945493459659005,0
83,0,9,274000,-51000,738000,123000.0,126480.56504195945,3.243197683546396,0.6052438146415821,7.525390253067856,1.2542317088446426,2.2379633705266553,0.9485721252767654,9.03050791241394,1.50508465206899,0
83,0,10,92000,-155000,245000,40833.333333333336,90278.11965747231,1.6720699201488542,0.588851821168924,5.720349571741213,0.9533915952902022,1.4458035394272002,0.9207905081901008,6.980999335801764,1.163499889300294,0
83,0,11,153000,153000,306000,153000.0,0.0,1.7475848986039333,1.0087562451104082,2.7563411437143417,1.3781705718571708,1.0414741289451723,0.9813913862600158,2.022865515205188,1.011432757602594,0
83,0,12,210000,-232000,287000,28700.0,140882.96561330615,2.3880165047245607,0.6049909816425485,11.039016800151328,1.103901680015133,2.4139859971375763,0.9262663102624307,14.591465085544788,1.4591465085544788,0
83,1,0,207000,-182000,296000,74000.0,152399.14697924,1.2912638882572791,0.8248837429313062,3.8626437561863605,0.9656609390465901,1.8181860228412259,1.2912638882572793,5.894873525413229,1.4737183813533072,0
83,2,0,300000,-300000,-1531000,-10858.156028368794,165089.8565368313,18.205178396511354,0.3213314832314858,277.3194229363538,1.9668044179883248,18.203659344063777,0.0006004469874083853,255.62443299763711,1.8129392411179936,1
83,2,1,275000,-199000,-76000,-12666.666666666666,164530.30791383766,1.7352014813794763,0.6411049243256546,7.397194775758942,1.2328657959598237,1.5168294963669693,0.5196549045914415,6.117513602061805,1.019585600343634,0
84,0,0,270000,-277000,-218000,-43600.0,201274.5388766299,3.0668464363778476,0.6017111513902578,7.0660351326100415,1.4132070265220082,1.1638953149735858,0.8249988087200874,4.898413940938469,0.9796827881876938,0
84,0,1,153000,-16000,607000,86714.28571428571,46613.04013046222,2.3401763108600293,0.947303818500659,13.360249482534282,1.9086070689334689,1.3075497150336028,0.805261700403744,7.88390655723352,1.1262723653190743,0
84,0,2,153000,93000,771000,110142.85714285714,27105.23708715754,1.3710972183854033,0.832229646314294,7.242417958931839,1.0346311369902628,1.4975152754345888,0.8877595004349574,7.720178930409446,1.1028827043442067,0
84,0,3,213000,-207000,-464000,-58000.0,161390.82997494002,1.2720412650630053,0.6071828871346655,7.1200146502777795,0.8900018312847224,5.359834387453157,0.9406942078952212,15.698025254248396,1.9622531567810495,0
84,0,4,93000,-6000,87000,43500.0,49500.0,1.5059917466900379,0.6046342252824695,2.1106259719725076,1.0553129859862538,1.6277230795790794,1.2094225827275304,2.83714566230661,1.418572831153305,0
84,0,5,270000,-200000,325000,54166.666666666664,142569.76849559968,1.903417442437831,0.8298085508010973,6.323665001706623,1.0539441669511038,2.047939305256432,1.134620959879928,8.179788397070558,1.3632980661784264,0
84,0,6,174000,174000,174000,174000.0,0.0,1.8966296354908305,1.8966296354908305,1.8966296354908305,1.8966296354908305,1.2421895279660309,1.2421895279660309,1.2421895279660309,1.2421895279660309,0
84,0,7,273000,-147000,646000,107666.66666666667,158941.98801938887,1.0010302592985303,0.5600848145774999,4.484578123031988,0.747429687171998,1.9634279609324026,1.0085217874142516,7.971825194909049,1.3286375324848414,0
84,0,8,273000,-6000,1202000,200333.33333333334,101593.41623462724,2.969274437004977,0.7521477091432347,12.57215063888442,2.09535843981407,2.860397317187354,0.9457704830673704,12.793680093199058,2.1322800155331763,0
84,0,9,214000,34000,506000,101200.0,60525.69702200876,2.168845135307347,0.8047365679058422,6.189220552132154,1.2378441104264308,2.249452746012725,0.947467798087826,6.469713230265565,1.2939426460531132,0
84,0,10,93000,-208000,-229000,-57250.0,150250.4159728019,1.066948938102791,0.6450797374070228,3.292310318500404,0.823077579625101,0.9656312868662267,0.9230659404872903,3.7469650734243736,0.9367412683560934,0
84,0,11,295000,-269000,-152000,-9500.0,117400.48977751328,3.03040505462787,0.5495520736176,23.92554296781161,1.4953464354882255,3.7043480832664772,0.8609794449041388,27.276602261821193,1.7047876413638245,0
84,0,12,93000,90000,552000,92000.0,1154.7005383792514,1.0967313059454953,0.5869843652157104,4.945204027046312,0.8242006711743853,2.32392107171076,0.940253350430395,9.546599300781907,1.5910998834636512,0
84,1,0,267000,106000,479000,159666.66666666666,75896.1278473561,2.1051408470004827,1.757794912182465,5.656282523616885,1.885427507872295,2.093009634050842,1.7032059716087307,5.504035480921198,1.8346784936403993,0
84,2,0,288000,-300000,-1152000,-6658.959537572255,152417.41587660267,18.205178396511354,0.1834582306882597,383.6819423791253,2.2178146958330944,18.20365934396929,0.46209812037329684,292.99677247354856,1.693622962274847,1
85,0,0,152000,-88000,128000,32000.0,120000.0,0.911594493593837,0.6524533870356334,3.2634219246306384,0.8158554811576596,1.6027244344984048,0.8554202216832195,4.590949163336533,1.1477372908341332,0
85,0,1,275000,93000,1017000,203400.0,67707.01588461864,3.0011188487037703,0.6439323608772859,8.742576413684972,1.7485152827369945,2.340902704869578,0.6382087384943896,7.129511424645715,1.425902284929143,0
85,0,2,205000,83000,627000,125400.0,46893.922847209105,1.1538082786536505,0.5223125362917388,4.3567758477887635,0.8713551695577527,1.44057106366952,0.7548791260732762,5.329207836835411,1.0658415673670822,0
85,0,3,93000,33000,192000,48000.0,25980.76211353316,1.048309658412341,0.5968302397461971,3.62605100537976,0.90651275134494,1.1311659972104333,0.7845832359196748,3.9365383236977403,0.9841345809244351,0
85,0,4,153000,-207000,38000,6333.333333333333,152169.4961401777,1.4327386546269316,0.6212058725094588,6.712205187305479,1.118700864550913,1.2433038490930235,0.8376038009340867,6.306207323460893,1.0510345539101489,0
85,0,5,272000,38000,946000,189200.0,79098.41970608516,1.1144450122265908,0.8783710219586532,5.007480138740922,1.0014960277481844,1.3687974457726968,0.8564377091022564,5.3422873442211145,1.068457468844223,0
85,0,6,-87000,-267000,-354000,-177000.0,90000.0,1.1057064569413997,0.7900723925409838,1.8957788494823835,0.9478894247411918,1.7063947450476655,1.4058849086975758,3.112279653745241,1.5561398268726205,0
85,0,7,95000,-213000,-166000,-27666.666666666668,131324.8728239332,3.7328592515535712,0.7232415278280995,7.797709195109315,1.2996181991848859,3.7328592515644883,0.9205359839300541,11.626667441663063,1.9377779069438439,0
85,0,8,33000,-147000,-249000,-83000.0,82170.55433669654,1.1069031527680424,0.6232628767299517,2.617315010589133,0.8724383368630444,1.8328672974309326,0.9587811710681978,3.816878861434297,1.2722929538114325,0
85,0,9,94000,-284000,-346000,-43250.0,137416.1107730822,1.1454043113426204,0.5588109285316442,6.9967735641416775,0.8745966955177097,2.7290710900484725,0.9018959725941141,12.316040167309765,1.5395050209137207,0
85,0,10,214000,-90000,386000,32166.666666666668,87033.358866331,1.4835116070058136,0.588851821168924,11.387840665567177,0.9489867221305981,1.4463351987152058,0.6698250676808071,13.106629096260711,1.0922190913550593,0
85,0,11,91000,-94000,-3000,-1500.0,92500.0,15.35934459524922,1.297670349657297,16.657014944906518,8.328507472453259,0.967798529792677,0.7636701445337183,1.7314686743263952,0.8657343371631976,0
85,0,12,92000,-149000,-173000,-15727.272727272728,79748.57184140541,2.1089262510287936,0.7993559687283845,12.120846165809818,1.1018951059827107,2.1089262510296503,0.622175388012502,14.36199223581018,1.3056356578009254,0
85,1,0,233000,61000,709000,177250.0,70272.23847295601,2.6472477976272755,1.1742570383652826,6.596477062491869,1.6491192656229672,2.6472477976342943,0.8198556800473455,6.378027951898957,1.5945069879747393,1
85,2,0,274000,-299000,-3090000,-19556.962025316454,162489.7852162759,18.205178396511354,0.3566652476624794,300.1160712465098,1.8994688053576572,18.203659343623162,0.4159640127198447,253.9505184435588,1.607281762301005,0
86,0,0,205000,98000,461000,153666.66666666666,43789.90243829684,4.057817380851358,1.299761459753129,7.704807754299068,2.5682692514330228,4.499707072418704,1.0706659010509079,7.847086692326647,2.6156955641088824,0
86,0,1,159000,-141000,18000,9000.0,150000.0,1.7444373236038198,0.7351679147871604,2.47960523839098,1.23980261919549,2.548625903888047,1.4286643149179024,3.9772902188059494,1.9886451094029747,0
86,0,2,158000,-262000,-528000,-105600.0,159410.9155610117,0.9090982879889669,0.6507186863385628,3.9409564657802907,0.7881912931560582,1.6191430928499995,0.8378078997418217,5.571236749414814,1.1142473498829628,0
86,0,3,39000,-261000,-444000,-111000.0,123693.16876852981,1.0150621432204239,0.7671356167810301,3.417088661983682,0.8542721654959206,3.289743043279023,0.9637914980506919,6.943658841206713,1.7359147103016783,0
86,0,4,285000,-81000,230000,23000.0,134458.9156582783,2.3192123844417614,0.5627154483465218,8.815328247831097,0.8815328247831097,3.1084962728731234,0.6448419947992041,15.651492392004197,1.5651492392004198,0
86,0,5,98000,-262000,-126000,-42000.0,157480.15748023623,1.2343706525744171,0.7911218635345149,2.983788798462156,0.9945962661540521,1.1855807031278514,0.6527138464695618,2.9066223239580324,0.9688741079860108,0
86,0,6,278000,-22000,433000,72166.66666666667,105056.20189001483,2.6577994786920183,0.8969382283369753,11.005140160894936,1.8341900268158227,2.280053616289108,0.8477347288799696,8.338191388703383,1.389698564783897,0
86,0,7,219000,57000,276000,138000.0,81000.0,1.03043162502125,0.7376828929359053,1.7681145179571551,0.8840572589785776,3.5503189947267297,0.7560037394815171,4.306322734208247,2.1531613671041234,0
86,0,8,99000,-202000,-82000,-27333.333333333332,127546.94124996578,1.4938325420642886,0.6890873299683368,2.9988690105217817,0.9996230035072605,1.3806320735354736,1.011873152160747,3.522189780590412,1.174063260196804,0
86,0,9,219000,-169000,206000,34333.333333333336,117426.0996920569,2.0257235700322838,0.7147379786329449,6.953058784663141,1.1588431307771903,1.4611686237963177,1.0184632958854312,7.087659669216938,1.1812766115361564,0
86,0,10,16000,-277000,-588000,-117600.0,130265.26781916966,1.4569199476011128,0.5900336102832747,5.359808550853791,1.0719617101707581,1.359153177600605,0.9161640701765066,5.709823785335443,1.1419647570670886,0
86,0,11,278000,98000,932000,233000.0,77942.28634059947,1.6759023947141258,0.5391983245170224,3.325922493906709,0.8314806234766773,1.35880054818886,0.9484951072871467,4.987102269174894,1.2467755672937235,0
86,0,12,158000,-142000,-91000,-9100.0,138567.27607916668,1.6540373002834572,0.5918930401524387,9.563863191415194,0.9563863191415194,1.883358006850663,0.4976849040671286,13.701605803422934,1.3701605803422934,0
86,1,0,10000,-229000,-291000,-97000.0,99159.80368408696,4.44572529826382,0.6852206893900739,6.282394605974231,2.0941315353247436,2.0061947175655885,0.6436366676628064,3.804772951012008,1.268257650337336,0
86,2,0,289000,-299000,-2494000,-12855.670103092783,163792.29930985995,18.205178396511354,1.911010754497589e-07,413.13718919650387,2.1295731401881643,27.78489348625517,0.19179209707536823,378.34118524059016,1.9502122950545884,1
87,0,0,0,0,0,0.0,0.0,0.0,0.0,0.0,0.0,0.0,0.0,0.0,0.0,0
87,0,1,279000,-261000,-35000,-4375.0,182754.5741561617,2.4075982761487316,0.6451523578945723,8.818860380244088,1.102357547530511,2.555104082530861,0.9084332411667922,10.9153283265102,1.364416040813775,0
87,0,2,-20000,-262000,-1089000,-155571.42857142858,94652.53319809421,0.9346981987747962,0.6276575282770701,5.668975659593217,0.8098536656561739,1.8928460744648115,0.7786219461780841,8.308168395690581,1.1868811993843686,0
87,0,3,27000,27000,27000,27000.0,0.0,0.5891699208624273,0.5891699208624273,0.5891699208624273,0.5891699208624273,1.252428284937012,1.252428284937012,1.252428284937012,1.252428284937012,0
87,0,4,99000,99000,198000,99000.0,0.0,0.7328783834581807,0.7327596680397731,1.4656380514979537,0.7328190257489768,0.9605413769862297,0.9518112028838291,1.912352579870059,0.9561762899350295,0
87,0,5,38000,-202000,-132000,-22000.0,84852.8137423857,1.1477314194053418,0.5747959621046235,4.983352642587109,0.8305587737645181,2.5765823570823336,0.9050479176029637,9.004942636865636,1.5008237728109393,0
87,0,6,234000,-82000,45000,7500.0,104568.55805323766,2.334529401194136,0.7055234120146158,8.68349264007366,1.4472487733456099,2.3187908044090917,0.919253438981883,9.467192822285242,1.5778654703808737,0
87,0,7,219000,-234000,137000,17125.0,115360.77918859599,2.5864837487138184,0.575107218575834,10.051009853431527,1.2563762316789409,1.8620338429626908,0.7701330905692926,9.76540916335564,1.220676145419455,0
87,0,8,-82000,-255000,-337000,-168500.0,86500.0,0.8158212067192596,0.6310730138252733,1.4468942205445328,0.7234471102722664,0.9469971416062711,0.9376258058652036,1.8846229474714749,0.9423114737357374,0
87,0,9,103000,-282000,-330000,-66000.0,135496.125405858,1.3286341714788916,0.606484679240938,4.030628105699572,0.8061256211399144,1.7401449531924333,0.8314943671948891,5.744750622503607,1.1489501245007214,0
87,0,10,-82000,-225000,-307000,-153500.0,71500.0,1.211960034282356,0.7073541599885851,1.919314194270941,0.9596570971354705,3.6607016671017694,1.7333633787796658,5.394065045881435,2.6970325229407175,0
87,0,11,159000,-262000,-1963000,-151000.0,141080.99146889403,1.199063228044169,0.55618913633889,9.415322931742566,0.7242556101340435,4.38184585893396,1.2884659588366674,23.81303669823442,1.83177205371034,0
87,0,12,158000,-45000,578000,57800.0,87435.46191334497,2.453470085808837,0.9346981987747962,13.95075247785269,1.395075247785269,2.777533521572332,0.8163291764459089,12.131634112125058,1.2131634112125058,0
87,1,0,247000,-163000,374000,93500.0,164902.24376884627,1.1886701027886555,0.677695322586232,3.585672531525479,0.8964181328813697,2.138422540239983,0.9588741001429736,5.831207552712822,1.4578018881782056,0
87,2,0,300000,-298000,1201000,9456.692913385827,154341.8720854032,5.436947873270054,0.11130982281690695,185.1588587327904,1.4579437695495308,9.507729418789898,0.18199855678452534,215.64573548543837,1.697997917208176,1
88,0,0,15000,-202000,-253000,-50600.0,77044.40278177254,3.3020962937533254,0.8836687795238928,7.524139438576743,1.5048278877153485,3.2315147578738035,0.6935131734704377,6.637274805473833,1.3274549610947666,0
88,0,1,-81000,-81000,-81000,-81000.0,0.0,1.0144896567242936,1.0144896567242936,1.0144896567242936,1.0144896567242936,1.0525399212532915,1.0525399212532915,1.0525399212532915,1.0525399212532915,0
88,0,2,-20000,-262000,-903000,-180600.0,102624.7533492773,1.716234590508743,1.2376245264479377,7.924084861919757,1.5848169723839514,1.4541842461360692,0.8234277210909283,5.394306210285292,1.0788612420570582,0
88,0,3,281000,-30000,329000,82250.0,118155.35324309263,1.162915572929834,0.6993152057866415,3.51187955445757,0.8779698886143925,1.5734298713587178,0.9312690133175575,4.599535666094561,1.1498839165236403,0
88,0,4,285000,-201000,282000,70500.0,174174.4814833677,1.2385386794002318,0.6748341334935546,3.3962186307657127,0.8490546576914282,2.053474401522279,0.743106019688222,4.7075786819295296,1.1768946704823824,0
88,0,5,278000,-202000,76000,38000.0,240000.0,1.0371728644293292,0.9866006594497042,2.0237735238790333,1.0118867619395167,2.334011405819365,1.0837248369815475,3.4177362428009124,1.7088681214004562,0
88,0,6,38000,38000,76000,38000.0,0.0,1.1913541915949137,0.8947557683952624,2.0861099599901762,1.0430549799950881,1.2303806342075336,0.8947557683952626,2.1251364026027963,1.0625682013013982,0
88,0,7,-183000,-183000,-183000,-183000.0,0.0,0.6448892555105813,0.6448892555105813,0.6448892555105813,0.6448892555105813,0.9438453402204907,0.9438453402204907,0.9438453402204907,0.9438453402204907,0
88,0,8,117000,-127000,-10000,-5000.0,122000.0,1.489200500201286,0.6296336544143165,2.1188341546156026,1.0594170773078013,1.8462560627467626,1.6770001843155993,3.5232562470623616,1.7616281235311808,0
88,0,9,258000,-229000,65000,10833.333333333334,146870.0294667212,1.4229694529054624,0.626403692009062,6.159895313821856,1.0266492189703094,1.698004335490115,1.1101518812101527,8.055949252922693,1.3426582088204488,0
88,0,10,-142000,-142000,-142000,-142000.0,0.0,0.6289322310352387,0.6289322310352387,0.6289322310352387,0.6289322310352387,1.352476800163301,1.352476800163301,1.352476800163301,1.352476800163301,0
88,0,11,158000,-185000,377000,53857.142857142855,107858.94038237238,1.5162902252109067,0.6336631162396421,8.60301933657272,1.2290027623675315,2.1321578069491194,1.0737529967646267,10.555998127660544,1.5079997325229348,0
88,0,12,68000,-262000,-486000,-81000.0,119501.74336245755,2.423760753100121,0.7693466069811328,8.003794389502387,1.3339657315837312,1.24500650733628,0.7225769196323554,5.820492035243603,0.9700820058739339,0
88,1,0,235000,235000,235000,235000.0,0.0,2.8982684443270883,2.8982684443270883,2.8982684443270883,2.8982684443270883,2.8982908953760327,2.8982908953760327,2.8982908953760327,2.8982908953760327,1
88,1,1,1000,1000,1000,1000.0,0.0,0.6358873713931541,0.6358873713931541,0.6358873713931541,0.6358873713931541,1.205822833761982,1.205822833761982,1.205822833761982,1.205822833761982,0
88,1,2,0,0,0,0.0,0.0,0.0,0.0,0.0,0.0,0.0,0.0,0.0,0.0,0
88,1,3,0,0,0,0.0,0.0,0.0,0.0,0.0,0.0,0.0,0.0,0.0,0.0,0
88,1,4,0,0,0,0.0,0.0,0.0,0.0,0.0,0.0,0.0,0.0,0.0,0.0,0
88,1,5,-160000,-160000,-160000,-160000.0,0.0,0.7767877840707027,0.7767877840707027,0.7767877840707027,0.7767877840707027,1.220402721286514,1.220402721286514,1.220402721286514,1.220402721286514,0
88,1,6,226000,226000,226000,226000.0,0.0,0.8062278846941725,0.8062278846941725,0.8062278846941725,0.8062278846941725,1.5298816751311908,1.5298816751311908,1.5298816751311908,1.5298816751311908,0
88,1,7,0,0,0,0.0,0.0,0.0,0.0,0.0,0.0,0.0,0.0,0.0,0.0,0
88,2,0,293000,-297000,-4216000,-30330.93525179856,162503.6751544212,8.684037837466816,0.09589418335226667,234.94848539718072,1.6902768733610123,10.967528315331476,0.31373873044715506,232.7100956791347,1.6741733502096021,0
89,0,0,0,0,0,0.0,0.0,0.0,0.0,0.0,0.0,0.0,0.0,0.0,0.0,0
89,0,1,230000,159000,707000,176750.0,30743.901834347573,2.643365347364501,0.6546426119263471,4.7578911346370365,1.1894727836592591,2.4813888648742557,1.100365156432866,6.392982216426945,1.5982455541067362,0
89,0,2,0,0,0,0.0,0.0,0.0,0.0,0.0,0.0,0.0,0.0,0.0,0.0,0
89,0,3,219000,145000,737000,184250.0,34895.379350280746,1.9722357632937708,0.6633324621277435,5.1015124580091555,1.2753781145022889,3.3705885909664293,1.26251378632938,8.884990710020787,2.221247677505197,0
89,0,4,285000,159000,963000,240750.0,50261.19278329952,2.1185538703544022,0.6142537113845334,5.8447603932991,1.461190098324775,1.750522693776486,1.2899513730190402,6.368266674980264,1.592066668745066,0
89,0,5,0,0,0,0.0,0.0,0.0,0.0,0.0,0.0,0.0,0.0,0.0,0.0,0
89,0,6,278000,158000,3078000,256500.0,34128.43389316304,1.1008685984350193,0.3289285035277965,7.974896290710656,0.6645746908925546,18.20365934396929,1.83549897405116,110.3610680099977,9.196755667499808,0
89,0,7,181000,158000,816000,163200.0,8908.422980528036,1.7160605844921148,0.44084010537468404,4.740927357371582,0.9481854714743164,4.403892965826355,1.3442534292050996,11.477084158902045,2.295416831780409,0
89,0,8,175000,165000,340000,170000.0,5000.0,2.3671685196401007,0.7564631544807697,3.1236316741208703,1.5618158370604351,2.200749271373359,1.8513571715330348,4.0521064429063935,2.0260532214531968,0
89,0,9,159000,159000,318000,159000.0,0.0,1.1903650307041183,0.559238150766272,1.7496031814703903,0.8748015907351951,1.6529333458881783,1.192056936433659,2.844990282321837,1.4224951411609186,0
89,0,10,158000,135000,438000,146000.0,9416.29792788369,1.2564136183137755,0.6524383850776629,2.9700528380839453,0.9900176126946484,2.3981356784174372,0.6098373468014208,3.91120566603211,1.3037352220107035,0
89,0,11,278000,113000,2250000,187500.0,60107.54251062562,2.098264875436659,0.5198603854199593,11.946377683446455,0.995531473620538,13.826031303116954,1.1054273279373652,37.05179328693187,3.0876494405776556,1
89,0,12,0,0,0,0.0,0.0,0.0,0.0,0.0,0.0,0.0,0.0,0.0,0.0,0
89,1,0,288000,251000,539000,269500.0,18500.0,9.44916278853565,1.3388154104258432,10.787978198961493,5.393989099480747,1.2027592389233153,0.5776226504666211,1.7803818893899364,0.8901909446949682,0
89,1,1,0,0,0,0.0,0.0,0.0,0.0,0.0,0.0,0.0,0.0,0.0,0.0,0
89,1,2,0,0,0,0.0,0.0,0.0,0.0,0.0,0.0,0.0,0.0,0.0,0.0,0
89,1,3,0,0,0,0.0,0.0,0.0,0.0,0.0,0.0,0.0,0.0,0.0,0.0,0
89,1,4,0,0,0,0.0,0.0,0.0,0.0,0.0,0.0,0.0,0.0,0.0,0.0,0
89,2,0,290000,108000,6563000,182305.55555555556,53918.05482213234,3.631694057127717,0.42708224156796637,53.28434447897841,1.4801206799716224,2.866487666384901,0.6027898833359341,51.645740594952805,1.4346039054153557,0
89,2,1,118000,116000,351000,117000.0,816.496580927726,0.9663879138710499,0.6312563397715257,2.400020834490294,0.8000069448300979,5.151232191640421,1.4210381611710776,11.149059699002096,3.716353233000699,0
89,2,2,286000,178000,668000,222666.66666666666,46024.14825091521,5.347143021719863,0.7613644434445022,7.504821078088538,2.5016070260295127,2.5944940483132757,0.7093720831054962,4.361407233882355,1.4538024112941184,0
89,2,3,136000,136000,136000,136000.0,0.0,0.9163504681662666,0.9163504681662666,0.9163504681662666,0.9163504681662666,1.1553609292218217,1.1553609292218217,1.1553609292218217,1.1553609292218217,0
89,2,4,210000,128000,786000,157200.0,27959.971387682068,1.9069700888430852,0.7685491295168453,5.963204424241398,1.1926408848482795,1.6218043744209898,0.8477038544413454,6.074545583339436,1.2149091166678871,0
89,2,5,126000,124000,375000,125000.0,816.496580927726,4.361778360585735,2.4921614608378833,10.010554587092985,3.336851529030995,3.1677012163006872,1.592066017141968,6.893964524255224,2.297988174751741,0
90,0,0,278000,-35000,462000,92400.0,108772.4229756789,4.0789275219602175,0.8584138516310481,9.447232166532777,1.8894464333065553,3.959833552346843,1.1424095752403272,11.042035569974749,2.2084071139949497,0
90,0,1,-19000,-19000,-19000,-19000.0,0.0,2.5148895671057243,2.5148895671057243,2.5148895671057243,2.5148895671057243,2.3893028687381506,2.3893028687381506,2.3893028687381506,2.3893028687381506,0
90,0,2,40000,-273000,-878000,-125428.57142857143,97723.89259374327,1.22427779262979,0.6069817314906288,6.721755679186204,0.9602508113123148,1.029345572609809,0.798052213440587,6.185111734752241,0.8835873906788916,0
90,0,3,214000,39000,598000,119600.0,77417.31072570269,2.215296103281389,0.8152259454575841,7.500213781443189,1.5000427562886378,1.552080562053153,0.4353835436364964,4.380034151035126,0.8760068302070252,0
90,0,4,175000,99000,472000,118000.0,32908.96534380867,1.910017274636887,0.708908222327745,4.088666349347605,1.0221665873369012,2.0826433050464583,1.0088418774523253,5.112416056181155,1.2781040140452888,0
90,0,5,98000,-82000,-26000,-6500.0,65274.42071746022,1.1756544810210485,0.7646488848679647,4.198002209810866,1.0495005524527166,1.164503959455078,1.0304153138594814,4.414139033627687,1.1035347584069217,0
90,0,6,38000,-22000,32000,8000.0,30000.0,1.22427779262979,0.8251619635237508,4.253287407827007,1.0633218519567518,2.746684889246366,0.8668403741067188,6.277633856335093,1.5694084640837733,0
90,0,7,219000,-294000,-57000,-14250.0,193614.79153205213,2.155286994251542,0.7803466595375002,5.339035399811046,1.3347588499527614,2.5696261354038006,0.9498037701773907,6.779989217384518,1.6949973043461295,0
90,0,8,-7000,-262000,-471000,-157000.0,108857.70528538621,1.4842590893238576,0.6133540190449591,3.0472954147449407,1.0157651382483135,1.039107881201074,0.9787587775481446,3.0294540980090776,1.0098180326696926,0
90,0,9,99000,-81000,18000,9000.0,90000.0,1.1102116238387056,1.0227506801209976,2.132962303959703,1.0664811519798516,1.2019437944601126,1.0330011151328142,2.234944909592927,1.1174724547964634,0
90,0,10,-21000,-22000,-109000,-21800.0,400.0,1.4354193888007718,0.6336993428187411,6.022784385817398,1.2045568771634796,1.2752371476629674,0.8668403741067188,5.57079651411498,1.114159302822996,0
90,0,11,279000,158000,1549000,258166.66666666666,44797.38335612422,4.112823260427775,0.5457768622659519,7.3439306161127655,1.2239884360187943,4.112823260440057,1.2725622708112247,11.863330581155644,1.9772217635259406,0
90,0,12,152000,-82000,540000,67500.0,66944.00645315456,2.227550794473831,0.9871959623660226,13.488084690870306,1.6860105863587882,3.53680522573611,0.9974192832161376,18.24794615798111,2.280993269747639,1
90,1,0,254000,254000,254000,254000.0,0.0,0.9846627262162654,0.9846627262162654,0.9846627262162654,0.9846627262162654,2.855015472225426,2.855015472225426,2.855015472225426,2.855015472225426,0
90,1,1,-110000,-110000,-110000,-110000.0,0.0,1.125940362331354,1.125940362331354,1.125940362331354,1.125940362331354,0.8576992211601402,0.8576992211601402,0.8576992211601402,0.8576992211601402,0
90,1,2,0,0,0,0.0,0.0,0.0,0.0,0.0,0.0,0.0,0.0,0.0,0.0,0
90,1,3,0,0,0,0.0,0.0,0.0,0.0,0.0,0.0,0.0,0.0,0.0,0.0,0
90,1,4,-57000,-57000,-57000,-57000.0,0.0,0.7601310149561786,0.7601310149561786,0.7601310149561786,0.7601310149561786,1.2011784902426448,1.2011784902426448,1.2011784902426448,1.2011784902426448,0
90,1,5,0,0,0,0.0,0.0,0.0,0.0,0.0,0.0,0.0,0.0,0.0,0.0,0
90,1,6,0,0,0,0.0,0.0,0.0,0.0,0.0,0.0,0.0,0.0,0.0,0.0,0
90,1,7,0,0,0,0.0,0.0,0.0,0.0,0.0,0.0,0.0,0.0,0.0,0.0,0
90,2,0,298000,-288000,-3170000,-21275.1677852349,140311.39190670638,35.71720961246276,2.6784156067987824e-07,334.457971739406,2.244684374089973,27.0666477234866,7.528296872558695e-05,287.7946820639214,1.9315079333149088,0
91,0,0,-82000,-82000,-82000,-82000.0,0.0,1.0671396311971366,1.0671396311971366,1.0671396311971366,1.0671396311971366,0.9500374244600578,0.9500374244600578,0.9500374244600578,0.9500374244600578,0
91,0,1,170000,-141000,111000,27750.0,138663.93727281797,2.128068151518784,0.5935403199978945,4.738480027726635,1.1846200069316588,2.0108362778008617,1.1719253435981636,6.387646078171504,1.596911519542876,0
91,0,2,218000,-262000,-508000,-127000.0,200686.32240389477,1.7095466564921264,1.059931438883768,6.061851389881438,1.5154628474703595,0.9871627460335572,0.8234277210909285,3.4739558592807223,0.8684889648201806,0
91,0,3,-21000,-215000,-470000,-117500.0,96502.59063880099,0.9452973491805505,0.5406264985951347,2.937078287630116,0.734269571907529,1.6846834171900602,0.9787935224015312,5.454721843769625,1.3636804609424062,0
91,0,4,293000,-201000,-52000,-8666.666666666666,185150.0892669392,3.746846601097321,0.7531980043620847,8.62399157946244,1.4373319299104068,3.6277416640136004,0.7897561002439437,8.125457104028357,1.3542428506713928,0
91,0,5,98000,-82000,-316000,-28727.272727272728,47093.89249938681,1.492932281924859,0.6044544279615606,10.149693318036887,0.9226993925488078,1.8160554296524485,0.9426412769377851,13.712411079851385,1.246582825441035,0
91,0,6,278000,38000,1069000,152714.2857142857,110073.63027370659,2.984604762743292,0.869971879591235,10.864559643700375,1.5520799491000534,2.9585373425889245,0.9290490012579417,11.639321291999964,1.6627601845714235,0
91,0,7,279000,39000,1235000,137222.22222222222,97000.31818708153,2.118040209210864,0.8188604850997983,10.981993710643502,1.2202215234048337,1.6796025906668426,0.9107576441417473,10.156467223410182,1.128496358156687,0
91,0,8,-5000,-262000,-491000,-122750.0,111452.62446438846,1.4143111229086185,0.6037549763924863,4.1795451071687815,1.0448862767921954,1.3764196214462976,0.9510501704267517,4.427913882899896,1.106978470724974,0
91,0,9,279000,39000,396000,132000.0,105157.0254429061,2.1658937928793427,1.0830958195591367,4.5217787958015645,1.5072595986005215,1.9861340063552373,1.30953269180857,4.715219408749445,1.5717398029164817,0
91,0,10,270000,-262000,-393000,-65500.0,172044.32568381904,1.6987720207662742,0.5968302397461966,7.275603313392133,1.2126005522320222,1.976498045860971,0.8371470732459476,6.7289115691890995,1.1214852615315165,0
91,0,11,159000,-262000,-2094000,-149571.42857142858,142533.56210566903,1.535620683090508,0.5622333750581304,10.40679605611924,0.7433425754370886,2.9379444591860358,0.8899948167699592,23.30496505284421,1.6646403609174436,0
91,0,12,277000,98000,689000,172250.0,65097.52299435056,2.7344352571667248,0.9624318853810214,5.984898354138431,1.4962245885346077,2.47222057552127,1.2452112110797688,8.26279956353147,2.0656998908828674,1
91,1,0,0,0,0,0.0,0.0,0.0,0.0,0.0,0.0,0.0,0.0,0.0,0.0,0
91,1,1,0,0,0,0.0,0.0,0.0,0.0,0.0,0.0,0.0,0.0,0.0,0.0,0
91,1,2,0,0,0,0.0,0.0,0.0,0.0,0.0,0.0,0.0,0.0,0.0,0.0,0
91,1,3,0,0,0,0.0,0.0,0.0,0.0,0.0,0.0,0.0,0.0,0.0,0.0,0
91,1,4,0,0,0,0.0,0.0,0.0,0.0,0.0,0.0,0.0,0.0,0.0,0.0,0
91,1,5,0,0,0,0.0,0.0,0.0,0.0,0.0,0.0,0.0,0.0,0.0,0.0,0
91,1,6,0,0,0,0.0,0.0,0.0,0.0,0.0,0.0,0.0,0.0,0.0,0.0,0
91,1,7,0,0,0,0.0,0.0,0.0,0.0,0.0,0.0,0.0,0.0,0.0,0.0,0
91,2,0,300000,-300000,-6678000,-53854.83870967742,150214.66862505564,18.205178396511354,0.13760241899610196,207.3709157621418,1.6723460948559823,17.358958907228857,0.2880151009499646,204.04226676007085,1.6455021512908938,0
92,0,0,-22000,-225000,-247000,-123500.0,101500.0,1.9664518894146104,0.8279232599932597,2.79437514940787,1.397187574703935,1.9316054197935355,1.5219680923203318,3.4535735121138673,1.7267867560569337,0
92,0,1,0,0,0,0.0,0.0,0.0,0.0,0.0,0.0,0.0,0.0,0.0,0.0,0
92,0,2,-140000,-140000,-140000,-140000.0,0.0,0.9040865074372751,0.9040865074372751,0.9040865074372751,0.9040865074372751,0.9579423797012149,0.9579423797012149,0.9579423797012149,0.9579423797012149,0
92,0,3,159000,25000,211000,70333.33333333333,62702.11763214665,2.0842209233467517,1.2969028231192579,5.3142004590503245,1.771400153016775,2.4862243135697315,1.1576890147774217,5.647197208004785,1.8823990693349284,0
92,0,4,99000,-261000,-505000,-63125.0,141623.12443594795,1.301876850996204,0.6428295848501975,6.782935756330917,0.8478669695413646,1.578557089176624,0.6640908278685587,8.475363205441957,1.0594204006802446,0
92,0,5,158000,-22000,727000,90875.0,55406.31168919295,2.1293928758801344,0.7326879538617148,10.436170675083353,1.3045213343854192,2.1725347215971094,0.9593711948721234,10.507007450744934,1.3133759313431168,0
92,0,6,98000,38000,332000,83000.0,25980.76211353316,2.297985136107253,0.8947557683952624,7.638464805687031,1.9096162014217577,2.361092196859411,0.8947557683952624,7.8192457883666115,1.9548114470916529,0
92,0,7,299000,-21000,434000,72333.33333333333,103708.99457402698,1.129497693505131,0.5959382978142195,4.795731369958099,0.7992885616596831,2.1037435974829735,0.9947421067144475,8.235249292498963,1.3725415487498271,0
92,0,8,159000,-202000,-79000,-13166.666666666666,123751.65543224955,1.9406088830402881,0.6327707559838396,5.9781468569024865,0.9963578094837477,1.9098760082367456,1.0453698140012884,8.079836671437063,1.3466394452395105,0
92,0,9,189000,-141000,-33000,-11000.0,143527.00094407322,1.294236492417541,0.5919015134505493,2.9205196292332167,0.9735065430777389,1.2048005315477461,0.8143583033115989,3.0822982763233506,1.0274327587744503,0
92,0,10,158000,-285000,-941000,-188200.0,173257.49623032188,1.8423553006820406,0.9050165950771668,7.357210303485434,1.4714420606970868,1.717309822450791,0.6483409470261179,4.616443481843382,0.9232886963686765,0
92,0,11,279000,-247000,737000,61416.666666666664,199047.50619443145,1.530993030079634,0.571757124403338,9.95583482481201,0.8296529020676675,1.6778381093852572,1.1324816323308213,16.64227033488795,1.3868558612406625,0
92,0,12,0,0,0,0.0,0.0,0.0,0.0,0.0,0.0,0.0,0.0,0.0,0.0,0
92,1,0,227000,-283000,-277000,-69250.0,188521.05320096214,4.195553423750229,0.6496728027493486,6.618995930573602,1.6547489826434005,1.9638940018778064,0.6469373685226157,4.512270831408332,1.128067707852083,1
92,2,0,287000,-288000,-5343000,-24067.567567567567,148477.5893315988,18.167199325308154,0.3266026330988064,410.1764267869208,1.8476415621032467,8.405698599139374,0.2035359888636066,336.8696756159761,1.5174309712431358,0
93,0,0,219000,-142000,1084000,154857.14285714287,124545.37735463392,1.4104055720815836,1.0914786310260947,8.801629359197646,1.2573756227425208,1.4513949335268441,0.7347310324412284,8.084415330669152,1.1549164758098789,0
93,0,1,220000,-259000,1190000,99166.66666666667,186414.7854174186,2.647247797627276,0.5255181949548408,15.109741408849905,1.2591451174041588,2.8332801147950017,0.8613508101787429,16.948671862036953,1.4123893218364127,0
93,0,2,278000,-142000,996000,124500.0,156483.2259381177,1.7830526194286982,0.9452966144576048,9.509246705707872,1.188655838213484,1.6403797615744873,0.8585157902806253,9.827957545965601,1.2284946932457002,0
93,0,3,279000,-215000,1280000,106666.66666666667,164484.21065730156,1.9382413272034003,0.5804291886878092,15.062241067206925,1.2551867556005771,1.9650839161677702,0.9824429168367059,18.587028092508756,1.548919007709063,0
93,0,4,219000,-135000,556000,92666.66666666667,137871.5182898758,1.6585530899774845,0.5996905903442922,6.49790522563333,1.0829842042722218,2.009747392417717,0.7241640526362789,7.7474045917430185,1.2912340986238364,0
93,0,5,270000,218000,924000,231000.0,22516.660498395406,1.9884901185692756,1.1471773698777896,6.3941456649901465,1.5985364162475366,1.492022617979179,0.8212224813373644,4.772596232713558,1.1931490581783895,0
93,0,6,278000,-202000,803000,73000.0,196596.032513375,2.452287801268109,0.5545283938132446,13.386246854803499,1.2169315322548635,2.185042732113018,0.923500037330651,15.53304854205069,1.4120953220046082,0
93,0,7,279000,-200000,1488000,114461.53846153847,158525.22991848984,2.647247797627276,0.5532260959312746,15.841657723319637,1.218589055639972,2.647247797634294,0.9505485403251694,21.334391915938433,1.6411070704568025,0
93,0,8,278000,-202000,828000,138000.0,172046.50534085254,1.1064823004902717,0.5549239954594105,5.084798536739464,0.8474664227899106,1.2708015586239878,0.9077623097053075,6.479480023921447,1.0799133373202412,0
93,0,9,191000,-222000,1220000,110909.09090909091,112308.38594565862,1.7697624123857763,0.6074949923866955,12.740404207750373,1.158218564340943,1.6636952528723739,0.8946063384813168,12.198532195020476,1.1089574722745887,0
93,0,10,278000,-22000,2219000,221900.0,85611.27262224292,1.5490978818988037,0.5939274447814732,10.076249853391875,1.0076249853391874,1.4491940156733207,0.8733536504157233,11.69014822823912,1.1690148228239121,0
93,0,11,278000,-142000,53000,5300.0,128694.25006580519,5.252715287050385,0.6444361413851608,19.298336481913115,1.9298336481913114,5.25271528706676,0.9145460537415081,18.66374182529009,1.8663741825290088,0
93,0,12,278000,-262000,993000,124125.0,182114.96197457254,1.930138355839088,0.7337157476057903,10.004918687268267,1.2506148359085334,1.3798327264743315,0.8611393129615346,8.775644666348132,1.0969555832935165,0
93,1,0,-70000,-70000,-70000,-70000.0,0.0,1.1344578679076351,1.1344578679076351,1.1344578679076351,1.1344578679076351,0.7675672452950253,0.7675672452950253,0.7675672452950253,0.7675672452950253,1
93,2,0,298000,-297000,-7680000,-48607.59493670886,168388.1830636624,35.71720961246276,0.27567701714183046,382.9576169109383,2.423782385512268,5.4890137222257005,0.12460689634688592,247.97116053726748,1.5694377249194145,0
94,0,0,278000,-202000,212000,23555.555555555555,176627.10947776146,1.2314522174875457,0.6190467068023909,8.339417250022903,0.9266019166692114,2.2401629632587885,0.9953775538090052,11.323220492559297,1.2581356102843664,0
94,0,1,159000,-255000,-57000,-9500.0,123888.0543071042,2.0943389577254194,0.8356410567373559,7.681902911787479,1.28031715196458,1.6144912626897565,0.9334392418909264,7.461528138032743,1.2435880230054572,0
94,0,2,278000,-35000,679000,169750.0,120723.59959842151,1.4697612406810594,0.9547072367318052,4.551605702023657,1.1379014255059143,1.326211470475335,0.9300073266429262,4.4407109197164925,1.1101777299291231,0
94,0,3,-21000,-201000,-222000,-111000.0,90000.0,1.6701974890936098,1.4116475916469797,3.0818450807405897,1.5409225403702949,1.6701974890971198,1.2969293392158245,2.9671268283129444,1.4835634141564722,0
94,0,4,219000,-261000,-45000,-4090.909090909091,155975.20464102592,1.9749232913305799,0.694828535120949,13.94714055068182,1.2679218682438018,1.8790645672970951,0.7387859824909087,11.882318924649871,1.0802108113318065,0
94,0,5,278000,218000,1152000,230400.0,23804.201309852848,2.354620337112827,0.9947446766590519,7.135941871422269,1.4271883742844538,3.141417256188017,0.8263687913056091,8.132437360384085,1.626487472076817,0
94,0,6,296000,158000,748000,249333.33333333334,64587.58050550861,2.2260636830247313,0.3918450469013497,3.0504149782983427,1.0168049927661142,4.823753262434697,0.6275239360579022,9.833246934849953,3.277748978283318,0
94,0,7,117000,-116000,-39000,-7800.0,96729.3130338472,2.385972351870075,0.5955775129897258,7.296629236210356,1.4593258472420714,1.8348107823740867,1.0017699395615687,7.45603886841706,1.4912077736834122,0
94,0,8,218000,-190000,459000,91800.0,152971.10838324993,1.8280086250368324,0.6581547459523109,5.194921495994243,1.0389842991988485,1.9868606702465363,0.9168576508065464,6.380386070831489,1.2760772141662977,0
94,0,9,279000,18000,1392000,154666.66666666666,83648.73645854497,2.6468780163959105,0.7503001592964053,12.999559699625506,1.4443955221806117,2.743697897359628,0.82365761731837,13.024156461798803,1.4471284957554227,0
94,0,10,270000,-142000,936000,104000.0,162556.65678976875,1.586281743736241,0.6935530854989187,9.842598263451439,1.0936220292723822,1.6563653487376204,0.6077418305361844,10.163493186393602,1.1292770207104001,0
94,0,11,126000,-15000,111000,55500.0,70500.0,2.0578011197764683,0.592689362312279,2.650490482088747,1.3252452410443736,1.2163619004167163,1.0086482477342205,2.225010148150937,1.1125050740754685,0
94,0,12,278000,-262000,1535000,139545.45454545456,164821.86728066244,2.647247797627276,0.7326879454053516,14.002977928774104,1.2729979935249185,2.647247797634294,0.9524729891270932,13.638851877952298,1.2398956252683908,0
94,1,0,243000,140000,383000,191500.0,51500.0,2.972931233805164,2.1111866790003155,5.08411791280548,2.54205895640274,2.972931233813353,2.607917725769215,5.580848959582568,2.790424479791284,1
94,2,0,290000,-294000,-3907000,-24572.327044025158,169085.53375369977,18.205178396511354,0.1963601238943268,360.3094973004924,2.266097467298694,9.102645479595814,0.4002935409927184,269.25322950196187,1.6934165377481878,0
95,0,0,278000,-82000,1951000,177363.63636363635,121172.50867875986,1.8006464984123194,0.7191206975058301,12.512078249616838,1.1374616590560762,2.092258261769413,0.7470248716269982,14.015035206692314,1.2740941096993013,0
95,0,1,279000,-261000,173000,19222.222222222223,231594.36654911094,2.647247797627276,0.5558168795459429,14.813390900758886,1.645932322306543,2.647247797634294,0.8145625753631052,14.77687147072885,1.6418746078587612,0
95,0,2,278000,-142000,792000,158400.0,151949.46528369226,2.647247797627276,0.5800565474839158,6.237277265752014,1.2474554531504027,2.647247797634294,0.8919436385543761,6.977553120825963,1.3955106241651927,0
95,0,3,219000,-201000,878000,79818.18181818182,167613.6348228043,1.947924935027294,0.6072174741516964,14.062560112053161,1.2784145556411965,2.0316002522179963,0.9399621170723288,16.636055069899225,1.5123686427181113,0
95,0,4,251000,-141000,1100000,100000.0,151818.67174662376,1.8360551155742635,0.7346411069285733,12.397292035063288,1.1270265486421172,1.997290490809548,0.624485373623149,11.116100196797028,1.0105545633451845,0
95,0,5,218000,-262000,-326000,-81500.0,198546.5940276992,1.2821183781506216,0.6250116580072177,3.639851007369446,0.9099627518423615,1.1129970911688882,0.7676016608926883,3.86582028687003,0.9664550717175076,0
95,0,6,218000,-262000,-186000,-62000.0,203960.7805437114,1.0384553232679925,0.6144908037706376,2.4941785138601182,0.8313928379533727,1.8875643208191049,1.0136659942203419,4.085182011289391,1.3617273370964638,0
95,0,7,219000,-141000,609000,60900.0,134881.02164500387,3.0471697073411876,0.6077236873411462,14.551196711800454,1.4551196711800454,3.1095142550495027,0.6840425914778089,18.83390710015217,1.8833907100152172,0
95,0,8,278000,-135000,1309000,145444.44444444444,152908.913417332,1.1355401747109615,0.5658743325654724,7.937013341355621,0.8818903712617358,1.9782279815445192,0.7684885482386843,11.092656761652956,1.2325174179614395,0
95,0,9,219000,-201000,1142000,114200.0,141192.63436879418,1.6435873638987646,0.6816979459219538,12.474371745848297,1.2474371745848296,1.9134212555783643,0.9445120439991209,13.18338784727926,1.318338784727926,0
95,0,10,278000,-262000,294000,98000.0,254558.4412271571,0.6662919892388665,0.6298027881323638,1.9278959420889317,0.6426319806963106,1.3583435389856169,1.216923427751113,3.7996216970693713,1.2665405656897903,0
95,0,11,158000,158000,158000,158000.0,0.0,1.410568007680883,1.410568007680883,1.410568007680883,1.410568007680883,1.0010868242397541,1.0010868242397541,1.0010868242397541,1.0010868242397541,0
95,0,12,248000,-262000,1140000,95000.0,182801.8052427273,2.511395698513444,0.6428451640096953,15.853807319167176,1.321150609930598,2.1508395947386463,0.7372680666944191,14.092147206381824,1.1743456005318187,0
95,1,0,-163000,-231000,-604000,-201333.33333333334,28429.249413627196,1.2069344270502875,0.7184519354580308,2.823911225130535,0.9413037417101783,1.294955673151296,0.9398563431977659,3.424170015443421,1.141390005147807,0
95,2,0,298000,-298000,-4297000,-27902.597402597403,184890.34199947293,18.205178396511354,0.1920145260063493,246.43007865390084,1.600195315934421,7.860390931951507,0.09820404095822288,238.71101648201426,1.5500715355974952,1
96,0,0,263000,-45000,350000,38888.88888888889,88453.93583912533,2.054078317493107,0.6210238154225185,11.157418571948128,1.2397131746609031,2.125701152032024,0.8442299213404161,13.520534906823123,1.5022816563136803,0
96,0,1,208000,-152000,-252000,-42000.0,126885.7754044952,2.6147379224219818,0.7248912521084431,7.429904614577955,1.2383174357629925,2.539455207290534,0.834120391462621,7.786091484013447,1.297681914002241,0
96,0,2,89000,-217000,-594000,-66000.0,91622.4135605839,0.9959073515750022,0.5984651738458703,6.603765934595017,0.7337517705105574,1.5861128583882333,0.9683935175851125,10.599437022582585,1.1777152247313982,0
96,0,3,-151000,-212000,-515000,-171666.66666666666,28522.895287041876,0.9266542282869079,0.6064846792409381,2.375962535280128,0.7919875117600427,2.1563120451340647,0.6080079568974779,3.7442926929599487,1.248097564319983,0
96,0,4,208000,-63000,155000,15500.0,71515.38296059107,1.8541296569277805,0.5939159791582712,8.994366124482145,0.8994366124482145,1.8349913107828981,0.867996565771257,11.113613727104388,1.1113613727104388,0
96,0,5,285000,-270000,842000,84200.0,175890.761553869,2.046120326847543,0.4876856644338858,12.664063247099921,1.2664063247099921,2.3606827038656992,0.5238644244500774,14.465542246062459,1.446554224606246,0
96,0,6,207000,87000,294000,147000.0,60000.0,2.158640712843825,2.1294509136725113,4.288091626516336,2.144045813258168,2.6038568848640735,1.9864490521317886,4.590305936995862,2.295152968497931,0
96,0,7,-1000,-271000,-1090000,-136250.0,73107.36966954837,1.7512227317956122,0.6088368800208819,8.103202205577913,1.0129002756972392,1.7062417618423933,0.9198313989964021,10.043866501925788,1.2554833127407234,0
96,0,8,149000,-65000,277000,55400.0,75218.614717369,1.9951908471209214,0.6003048400115865,5.533976457690818,1.1067952915381636,1.8782029652125831,0.7061099768818259,5.965341418424202,1.1930682836848405,0
96,0,9,208000,-272000,574000,52181.818181818184,148207.973151869,1.4012867138144227,0.619419540881319,12.599866322311605,1.1454423929374187,1.7296810448164996,0.5410387553363799,9.260661848411557,0.8418783498555961,0
96,0,10,147000,-105000,-117000,-23400.0,90247.65924942319,1.443849508822084,0.6007541139245702,4.490760551808746,0.8981521103617492,1.2313559489572918,0.8514600367685699,5.230237121983735,1.046047424396747,0
96,0,11,88000,-274000,-834000,-75818.18181818182,115282.11891767413,5.499487483160029,0.5158697775514312,14.747218073566158,1.3406561885060144,5.499487483176406,1.0115096979561657,21.92252021042031,1.9929563827654826,0
96,0,12,261000,-232000,587000,36687.5,102999.22253954153,4.153186985695712,0.5690511116912176,19.3944659980462,1.2121541248778875,2.379261897434532,0.6543200885193546,20.19990438903925,1.2624940243149532,0
96,1,0,0,0,0,0.0,0.0,0.0,0.0,0.0,0.0,0.0,0.0,0.0,0.0,0
96,1,1,0,0,0,0.0,0.0,0.0,0.0,0.0,0.0,0.0,0.0,0.0,0.0,0
96,1,2,118000,118000,118000,118000.0,0.0,1.0814730931934868,1.0814730931934868,1.0814730931934868,1.0814730931934868,0.9484340876231838,0.9484340876231838,0.9484340876231838,0.9484340876231838,0
96,1,3,0,0,0,0.0,0.0,0.0,0.0,0.0,0.0,0.0,0.0,0.0,0.0,0
96,1,4,147000,-271000,-124000,-62000.0,209000.0,7.260158886541725,0.9897952948605723,8.249954181402297,4.124977090701148,0.8287474227694424,0.6065037829899521,1.4352512057593945,0.7176256028796972,0
96,1,5,16000,16000,16000,16000.0,0.0,2.4220103775014366,2.4220103775014366,2.4220103775014366,2.4220103775014366,2.428743657528395,2.428743657528395,2.428743657528395,2.428743657528395,0
96,1,6,235000,235000,235000,235000.0,0.0,2.6472477976272755,2.6472477976272755,2.6472477976272755,2.6472477976272755,2.6472477976342943,2.6472477976342943,2.6472477976342943,2.6472477976342943,1
96,1,7,0,0,0,0.0,0.0,0.0,0.0,0.0,0.0,0.0,0.0,0.0,0.0,0
96,2,0,297000,-298000,-838000,-3675.438596491228,138634.25285045584,18.205178396511354,0.46209812037329706,453.0488796718684,1.9870564897888965,18.20365934396929,0.3164299465755401,400.1385384156354,1.7549935895422606,0
97,0,0,143000,-165000,-7000,-1000.0,112142.76615100949,1.4803560867540733,0.6150945844817273,7.170954467922563,1.0244220668460804,1.9411920836101682,0.9062033728401514,9.180580597412474,1.3115115139160678,0
97,0,1,268000,-195000,33000,4714.285714285715,127801.98331315328,1.6208208650825726,0.6520595145712174,6.965243704540387,0.995034814934341,2.842218481472175,0.8351834540978634,13.213427317444394,1.8876324739206276,0
97,0,2,149000,-92000,480000,36923.07692307692,56571.88964693376,2.0943389577254194,0.5950602836167926,15.610015030553999,1.2007703869656923,2.107582401732805,0.9216588142486087,15.69780119711632,1.2075231690089476,0
97,0,3,268000,-152000,165000,20625.0,151362.9227221779,2.5639721019846387,0.49576682972842995,6.985367375988844,0.8731709219986055,3.8804972027849427,0.8825804852947104,18.712549707819136,2.339068713477392,0
97,0,4,175000,-187000,40000,6666.666666666667,107007.26870430604,3.535682264591665,0.6521077844124289,8.170718111655527,1.3617863519425877,3.7944461224233166,0.8629750072286277,9.049192527131273,1.508198754521879,0
97,0,5,158000,-150000,30000,6000.0,106963.54519180823,2.37168837640024,0.6712953005340169,7.429793472445203,1.4859586944890406,1.5803961875621735,0.9207913334824838,6.116949262445086,1.2233898524890172,0
97,0,6,207000,-93000,555000,111000.0,104613.57464497616,1.284942702862257,0.6468818896982044,4.43659680828848,0.8873193616576961,1.4651532040810675,1.130041806627729,6.334340344514432,1.2668680689028864,0
97,0,7,266000,28000,1402000,175250.0,80275.69682039515,3.5487890363641252,0.46209812037329706,10.863970470268287,1.3579963087835358,18.20365934396929,0.5469944322077099,26.853689086149778,3.3567111357687223,0
97,0,8,269000,-32000,413000,103250.0,107506.68583860261,1.8070799921908904,0.8802058513551805,4.68887647763536,1.17221911940884,1.8138722608373479,0.8802058513551803,5.673200239351078,1.4183000598377695,0
97,0,9,148000,-272000,-125000,-25000.0,147837.74890061063,1.587961740580169,0.5355749595466003,4.733529389339055,0.946705877867811,2.1248918510140786,0.8730751125668457,6.622394847602398,1.3244789695204795,0
97,0,10,147000,-105000,357000,39666.666666666664,70829.99992156494,1.72680231886353,0.5757445097541345,10.873746581954007,1.2081940646615563,1.621430991386094,0.6385299639765558,11.670445810293346,1.2967162011437052,0
97,0,11,86000,-274000,-1181000,-107363.63636363637,167466.8340175683,2.1941951135250446,0.6191464465511295,13.578196949638187,1.234381540876199,8.989713157650938,0.9862541804459213,24.803493745832775,2.2548630678029795,0
97,0,12,27000,-274000,-211000,-35166.666666666664,108901.20395212452,1.2905185003874864,0.5924174112510896,5.354992471390857,0.8924987452318095,1.9713652778707613,0.5844618442926003,6.703271357077962,1.117211892846327,0
97,1,0,0,0,0,0.0,0.0,0.0,0.0,0.0,0.0,0.0,0.0,0.0,0.0,1
97,2,0,293000,-300000,-787000,-5829.62962962963,182930.4073600118,18.205178396511354,0.31538114767199327,272.7499062831476,2.020369676171464,9.350026322908738,0.265848184950472,225.082144137685,1.6672751417606295,0
98,0,0,207000,-275000,253000,50600.0,177098.39073238356,2.028573237803101,0.5949445123343193,6.438161268194353,1.2876322536388707,2.411098919489098,1.0255705072162695,7.148805658530309,1.4297611317060617,0
98,0,1,-32000,-139000,-301000,-100333.33333333333,48458.45872726683,1.5158324746247935,1.0381623024245017,4.065676256770695,1.355225418923565,1.563544315882186,1.1696302230257123,3.930672701357551,1.3102242337858503,0
98,0,2,89000,-32000,216000,21600.0,41704.19643153432,1.6668520693875966,0.5946967851231248,9.123812360878876,0.9123812360878876,1.4075624621354965,0.8642777662073182,10.75063147244942,1.0750631472449421,0
98,0,3,89000,-272000,-762000,-108857.14285714286,146481.03589731682,1.14836180930693,0.5737679162262185,5.063284089483794,0.7233262984976848,2.439980193322303,0.6163632747748515,11.801110838527167,1.6858729769324525,0
98,0,4,55000,-187000,-76000,-19000.0,97619.15795580292,0.9622996990237457,0.8573297679161926,3.636575520517745,0.9091438801294363,1.3994077907319888,0.942976311337126,4.695952826761792,1.173988206690448,0
98,0,5,90000,-80000,-1000,-166.66666666666666,65205.870560522046,1.2823679861002615,0.6192409544282425,5.546575508004,0.9244292513339999,1.237596947783805,0.9693990393126742,6.680423725296659,1.1134039542161098,0
98,0,6,296000,-33000,704000,176000.0,134949.9907373098,1.284942702862257,0.7827117510524874,3.8721878649966914,0.9680469662491729,2.777402581451557,1.284942702862257,6.788806326285034,1.6972015815712584,0
98,0,7,268000,-243000,-334000,-55666.666666666664,203324.58997595173,2.6919597593806746,0.5848569297378011,8.897309559978904,1.4828849266631507,1.7987073186697407,0.5998033163428167,5.907843021121054,0.9846405035201756,0
98,0,8,28000,28000,84000,28000.0,0.0,0.8221570986013147,0.6048815139176481,2.1380282150439083,0.7126760716813028,1.4406250316222022,1.004087046960907,3.773142462390143,1.2577141541300476,0
98,0,9,268000,-49000,331000,55166.666666666664,99247.8659160432,2.0610176125070763,0.6368845952750929,7.210122580422549,1.2016870967370916,2.061017612511989,0.9108368784085009,7.563046839327683,1.2605078065546138,0
98,0,10,147000,-273000,-47000,-6714.285714285715,152792.7768353636,2.097557838485907,0.5998712157827198,7.486969688231034,1.069567098318719,1.946586205005343,1.0230030145258213,9.581632418686732,1.3688046312409619,0
98,0,11,206000,-274000,-477000,-59625.0,180388.42638872372,1.3662441227281283,0.6020727381625294,7.112032348284313,0.8890040435355391,1.6071827756657584,0.9561600159267201,8.685932517814086,1.0857415647267608,0
98,0,12,266000,-45000,644000,64400.0,93286.86938685423,2.1530061385646153,0.6292602160061007,12.47861661944705,1.2478616619447052,1.531976635823217,0.9382695421986236,12.503233333580438,1.2503233333580437,0
98,1,0,236000,236000,236000,236000.0,0.0,3.5042542086040434,3.5042542086040434,3.5042542086040434,3.5042542086040434,4.6164720004651,4.6164720004651,4.6164720004651,4.6164720004651,0
98,1,1,0,0,0,0.0,0.0,0.0,0.0,0.0,0.0,0.0,0.0,0.0,0.0,0
98,1,2,0,0,0,0.0,0.0,0.0,0.0,0.0,0.0,0.0,0.0,0.0,0.0,0
98,1,3,0,0,0,0.0,0.0,0.0,0.0,0.0,0.0,0.0,0.0,0.0,0.0,0
98,1,4,0,0,0,0.0,0.0,0.0,0.0,0.0,0.0,0.0,0.0,0.0,0.0,0
98,1,5,213000,213000,213000,213000.0,0.0,0.9574327567932481,0.9574327567932481,0.9574327567932481,0.9574327567932481,1.3117419723708872,1.3117419723708872,1.3117419723708872,1.3117419723708872,0
98,1,6,0,0,0,0.0,0.0,0.0,0.0,0.0,0.0,0.0,0.0,0.0,0.0,1
98,1,7,0,0,0,0.0,0.0,0.0,0.0,0.0,0.0,0.0,0.0,0.0,0.0,0
