,docker_001_db_007,docker_001_db_009,docker_001_docker_001,docker_001_docker_005,docker_001_docker_006,docker_001_docker_007,docker_001_docker_008,docker_002_db_007,docker_002_db_009,docker_002_docker_002,docker_002_docker_005,docker_002_docker_006,docker_002_docker_007,docker_002_docker_008,docker_003_db_007,docker_003_db_009,docker_003_docker_003,docker_003_docker_005,docker_003_docker_006,docker_003_docker_007,docker_003_docker_008,docker_004_db_007,docker_004_db_009,docker_004_docker_004,docker_004_docker_005,docker_004_docker_006,docker_004_docker_007,docker_004_docker_008,docker_005_db_003,docker_005_docker_005,docker_006_db_003,docker_006_docker_006,docker_007_db_003,docker_007_docker_007,docker_008_db_003,docker_008_docker_008,esb_2_avg_time_mean,esb_2_num_mean,esb_2_succee_num_mean,esb_2_succee_rate_mean,esb_5_avg_time_mean,esb_5_num_mean,esb_5_succee_num_mean,esb_5_succee_rate_mean,label,os_021_docker_003,os_021_docker_004,os_022_docker_001,os_022_docker_002,trace_success_rate_2min
0,-0.546583850931677,-0.8135318591383401,-0.8818565400843883,0.0,0.0,-0.9488843813387424,-0.6704361873990307,-0.3700000000000001,0.6165489404641774,-0.026415094339622608,0.0,0.0,-0.13074204946996476,-0.09795918367346948,7.31254355400697,6.587491833227942,18.955527318932656,3.8230958230958234,10.142441860465118,0.0,0.0,0.6973684210526316,-0.16050646993257706,-0.6901004304160689,-0.559493670886076,-0.5631599378881987,0.0,0.0,-0.15928197161702298,0.14659090909090913,-0.1390599465362182,0.217,0.14355531430639276,0.17558886509635982,0.040920778123255855,0.019543147208122044,7.190966666666667,122.66666666666669,122.66666666666669,1.0,15.452862499999998,93.625,93.0,0.9482375,docker_003,3.666666666666667,6.441558441558442,-0.8559322033898306,5.208333333333334,0.0
1,-0.6037735849056604,-0.7163381317344949,-0.15032679738562096,0.0,0.0,-0.7094972067039106,-0.7777777777777777,-0.8390804597701149,-0.6894096286419473,-0.9098591549295776,0.0,0.0,-0.9286296900489396,-0.8462709284627092,-0.2506176228383201,-0.2331941339407488,-0.2493297587131368,-0.8262260127931771,0.04239631336405544,0.0,0.0,3.666666666666666,2.52599890530925,3.389473684210526,11.566844919786101,-0.06639004149377595,0.0,0.0,-0.04207028881803218,-0.08666549233750223,-0.08449901337426,0.1491002570694089,-0.04637535887535898,-0.21230916030534336,-0.09395794516901768,0.02299762093576534,1.14235,487.0,487.0,1.0,1.12796,481.6,481.6,1.0,docker_002,-0.8885448916408668,7.608695652173914,-0.7234042553191491,154.6257668711656,0.0
2,0.4333333333333333,11.200922106284883,-0.2786885245901639,0.0,0.0,-0.6952026468155501,2.8091543832428245,-0.6357340720221606,-0.42534137821530654,-0.2842401500938086,0.0,0.0,0.2054794520547944,-0.4144144144144144,1.5913461538461535,2.3377036870165955,0.021505376344086027,3.45981981981982,3.1766233766233767,0.0,0.0,0.02542372881355923,-0.5894857009665728,1.2066772655007951,0.2913580246913578,-0.8302011210023079,0.0,0.0,-0.03909947730172455,0.19670103092783528,0.08962586301097697,-0.20894655305964344,0.09989222002029266,-0.059701492537313564,0.02136178982530395,0.4603960396039602,2.1066333333333334,375.0,375.0,1.0,2.0080714285714287,371.1428571428572,371.1428571428572,1.0,docker_001,2.808080808080808,-0.42105263157894735,4.401709401709402,1.3059701492537312,0.0
3,-0.0617283950617285,0.1814729194187584,-0.6075501376327173,0.0,0.0,-0.012797074954296212,-0.19430485762144056,-0.9111111111111112,-0.8843046611434107,-0.7338603425559947,0.0,0.0,-0.7142994936098384,-0.7370054305663305,-0.9357638888888888,-0.8947050020839109,-0.8938313050776332,-0.9504166666666668,-0.9107180020811656,0.0,0.0,22.787425149700603,21.973249305762558,306.41489361702116,52.90123456790123,5.356006513841914,0.0,0.0,0.012312444836716736,-0.11111111111111112,-0.030237753310994073,-0.05339168490153191,-0.0067145534041225426,0.3361650485436897,0.039786696436560735,-0.2166140904311251,5.540566666666668,205.66666666666663,205.66666666666663,1.0,6.752314285714285,144.14285714285714,143.57142857142858,0.9944,docker_004,-0.9521203830369356,39.67777777777777,-0.36326530612244895,-0.7677902621722846,0.0
4,3.3961038961038965,30.475405349217983,8.950564971751412,0.0,0.0,8.887387387387383,17.664435146443516,-0.8651079136690648,-0.9078612151540132,-0.8954821894005213,0.0,0.0,-0.9695538057742782,-0.9647720544701006,1.1942386831275722,5.4460749261619785,0.1370860927152317,2.332293291731669,4.847014361300078,0.0,0.0,-0.6585365853658537,0.9741376854937479,0.08407079646017693,0.07055749128919868,2.659029649595687,0.0,0.0,0.25981098273699826,0.4766127039050915,-0.002437673730210911,0.43744566032079135,0.0894336056917348,0.2177777777777777,-0.02377844978513451,-0.01899441340782122,0.27905,559.5,274.0,0.47405,0.11162000000000001,565.2,109.6,0.18962,db_007,6.051282051282053,-0.7422680412371134,10.294871794871792,-0.9158607350096712,0.009465111160026414
5,-0.6741854636591478,0.06669795106907339,-0.0872323552735924,0.0,0.0,-0.6532125205930808,0.13320463320463333,-0.12962962962962965,-0.460241062980789,8.160839160839162,0.0,0.0,3.607999999999999,2.358333333333333,-0.2871287128712872,-0.4373356704645049,-0.6589595375722545,-0.6768916155419223,-0.8686006825938566,0.0,0.0,-0.05714285714285713,-0.6772799308456995,-0.8679775280898877,-0.4439834024896265,-0.875,0.0,0.0,0.09898798228968986,-0.08776595744680862,0.039256629776571315,0.15320334261838442,0.08541836112923029,0.2560509554140127,-0.16122507355344864,-0.039743589743589686,7.609166666666668,180.3333333333333,180.3333333333333,1.0,9.316985714285718,121.0,120.42857142857143,0.9907857142857144,docker_002,-0.9168831168831169,-0.7792207792207793,4.5,1.7058823529411762,0.0
6,0.2695035460992905,11.593602087800276,-0.07387456714120838,0.0,0.0,-0.1312117503059977,-0.35699077359829673,1.728395061728395,-0.5524798154555939,0.0,0.0,0.0,-0.7796052631578948,-0.8428453267162944,0.5332096474953618,-0.9784263678399284,-0.5621301775147929,-0.4049429657794678,-0.6527293844367015,0.0,0.0,0.03225806451612913,-0.3988129234138418,-0.578125,-0.1264367816091954,-0.7116279069767443,0.0,0.0,-0.01350777227970198,0.16162790697674415,0.06679533997239248,-0.0377397831526272,0.041872334824356656,0.03821587095377296,-0.00045346148287345997,0.26849315068493124,3.1406000000000005,281.3333333333333,281.3333333333333,1.0,2.111566666666667,350.16666666666674,350.16666666666674,1.0,docker_003,-0.5868263473053892,-0.2427184466019418,1.0348837209302326,2.380952380952381,0.0
7,-0.7420494699646643,-0.6965698121796053,-0.5603448275862069,0.0,0.0,-0.6321300633783411,-0.6347417840375588,1.2085889570552144,-0.35214446952595946,-0.7415966386554621,0.0,0.0,-0.4797687861271677,-0.4904347826086956,2.357142857142857,0.5846823478284487,-0.4412587412587412,-0.5152373022481266,-0.6110229976209358,0.0,0.0,-0.03921568627450967,-0.982516260189756,-0.6403743315508021,-0.7259953161592506,-0.8464673913043479,0.0,0.0,0.02479531898320592,0.14056074766355106,-0.09055259111874836,-0.2068654019873533,-0.04449634023965507,0.011431893043983652,0.011113923066889004,-0.015843784727734633,0.41386666666666666,304.0,303.6666666666667,0.6666666666666666,14.097375,266.5,266.375,0.875,docker_003,16.96,-0.6111111111111112,3.50625,0.20930232558139544,3.777148253068933e-05
8,2.557142857142857,1.3868267642199672,1.5858208955223885,0.0,0.0,4.768913342503439,2.0385604113110536,0.02083333333333326,-0.6514167394082367,-0.3859397417503587,0.0,0.0,-0.3925619834710743,0.7284515636918382,-0.10526315789473682,-0.273487846240814,-0.7917448405253283,0.04368932038834945,-0.7991706161137441,0.0,0.0,-0.5628742514970061,-0.5182875806408077,-0.3527131782945737,-0.7703406813627254,-0.44679564691656587,0.0,0.0,0.04085842638682784,0.24751958224543066,0.043728931070573636,-0.0256460073829416,0.024372911164606284,-0.17638984214138634,-0.0277692307692306,0.03375527426160325,2.097566666666667,297.6666666666667,297.6666666666667,1.0,3.4089428571428577,227.7142857142857,227.7142857142857,1.0,docker_008,0.07142857142857145,-0.13333333333333336,7.409090909090909,-0.8195488721804511,0.0
9,-0.025974025974025882,0.19799465240641695,1.913934426229508,0.0,0.0,125.60000000000002,2.138780804150454,-0.8212898212898213,-0.932603100839172,-0.8944454366851224,0.0,0.0,6.576500422654269,-0.8970561675997832,-0.6946564885496184,-0.8927189375358764,-0.6176971072036301,-0.8318654923939152,-0.1943793911007025,0.0,0.0,-0.481675392670157,0.9684210526315792,-0.22600619195046434,0.11111111111111116,-0.1545454545454546,0.0,0.0,0.012966872745519435,0.00950871632329632,-0.03875428136496247,-0.09025270758122733,0.06983354115947213,0.1667315932995716,-0.08205128205128212,0.24970963995354245,11.034933333333333,209.3333333333333,205.0,0.7583666666666667,7.276775,194.5,185.125,0.758875,docker_007,-0.4420062695924765,0.0,1.64,-0.9536231884057972,0.0008408307407718826
10,-0.7250859106529209,0.7324561403508772,-0.8012718600953895,0.0,0.0,-0.9078341013824884,0.27118644067796605,-0.8890429958391123,-0.92856855870097,-0.906614785992218,0.0,0.0,-0.9484460156134924,-0.9326923076923076,-0.6226415094339621,-1.2755753899948606e-16,0.40449438202247184,-0.8561946902654868,-0.42857142857142855,0.0,0.0,0.0,0.0,0.0,0.0,0.0,0.0,0.0,0.4249901042353872,0.10484025253491497,0.053806390977443525,0.08381502890173402,-0.09975655848859337,-0.1581632653061225,-0.09378960709759188,-0.4025834230355221,0.20800000000000002,569.5,33.5,0.05835,0.08320000000000001,569.6,13.4,0.02334,db_003,-0.5833333333333334,0.0,-0.6969696969696969,-0.14590747330960854,0.2116767865483419
11,-0.02586206896551715,-0.13932143669015698,-0.33793969849246225,-0.09304635761589412,-0.06621004566210034,0.0,0.0,0.0016694490818032664,21.432018716577534,-0.3048327137546468,-0.11497272176197212,-0.18868912550183287,0.0,0.0,0.05213270142180101,-0.496162753735071,-0.3105882352941176,0.0,0.0,0.2600864553314121,-0.06953828828828841,0.03225806451612913,1.0706821520636416,0.3575042158516021,0.0,0.0,1.242547425474255,2.1372549019607847,0.29063810062628026,-0.10871884395305978,-0.060053764729857885,-0.06990349819059098,0.2643371588643027,0.22556032427277056,0.21986904493113568,0.2863070539419083,5.36095,258.0,256.0,0.96925,15.419885714285714,96.42857142857143,95.85714285714286,0.9912142857142856,os_018,-0.6666666666666667,0.7222222222222222,-0.19565217391304354,0.22195121951219512,0.0002728047740835465
12,0.2673611111111113,0.5294791543139812,-0.09745762711864406,0.853836784409257,0.8073742246726392,0.0,0.0,4.166666666666666,0.3531097607511957,1.4678571428571427,-0.6858237547892719,-0.5972515856236786,0.0,0.0,0.6106194690265482,2.9234136247877767,1.2719665271966527,0.0,0.0,1.5304878048780488,4.298913043478262,1.131578947368421,0.7012078830260648,0.98034398034398,0.0,0.0,1.6614583333333337,0.05345911949685556,0.18922504408488014,-0.2263049890983711,-0.28817333827526564,-0.05542043085476003,-0.025239020367213538,0.12092130518234152,0.15572461726307885,0.3726474278544545,5.40475,298.5,297.5,0.987,13.697514285714286,112.42857142857143,112.14285714285714,0.9962857142857144,os_017,26.75,0.5329153605015675,15.548387096774194,0.15999999999999998,0.00011847288451855581
13,0.6775510204081633,0.5728155339805825,-0.0689655172413794,-0.5968645016797312,0.6716981132075477,0.0,0.0,0.19540229885057492,2.5149739641482305,-0.6564625850340137,-0.39223300970873787,-0.6843575418994413,0.0,0.0,-0.4099099099099099,1.133733905316203,0.24179620034542315,0.0,0.0,0.03543285238623744,2.208121827411168,-0.5236111111111111,0.2437938421472675,-0.45994633959371395,0.0,0.0,-0.15855354659248966,0.3326984126984127,0.09704863765029596,-0.1933638443935928,0.047740835464620594,0.4749999999999999,0.058339741946509364,-0.30156950672645744,0.2734977740484349,0.2875791139240507,0.88965,479.0,479.0,1.0,3.3529000000000004,250.28571428571428,250.28571428571428,1.0,docker_006,1.0157068062827224,0.1910569105691059,4.846153846153847,-0.5165394402035624,0.0
14,0.7753623188405802,44.83586956521739,6.8,11.009132420091325,9.330578512396693,0.0,0.0,-0.12820512820512842,-0.5021020035623093,-0.03779527559055116,-0.3059602649006622,-0.295072463768116,0.0,0.0,2.413333333333333,4.596205962059622,1.5840336134453783,0.0,0.0,1.4310344827586208,4.9306518723994435,0.4940334128878284,0.951891451576526,-0.6560928433268859,0.0,0.0,-0.6410654562828475,-0.191991991991992,0.16030388638619522,-0.14946962391513974,0.018661971830986075,0.706689536878216,0.1598722967211842,0.17480916030534355,-0.10040261277866716,0.01766513056835637,0.53025,539.5,527.5,0.97775,0.53222,536.4,531.6,0.9911,db_003,27.11111111111111,-0.8408071748878924,2.0909090909090904,-0.6939655172413794,0.0015641038173908792
15,6.333333333333332,6.820784361836996,6.033333333333332,5.4811764705882355,11.47033898305085,0.0,0.0,-0.2385786802030456,-0.7021969279725843,-0.7430129516019086,-0.483467381590706,-0.8367772511848341,0.0,0.0,1.7901234567901236,7.580716253443525,1.2058823529411764,0.0,0.0,6.097701149425287,9.14,0.21818181818181825,-0.9036727899671451,-0.8221014492753623,0.0,0.0,-0.8616352201257862,-0.9190620272314672,0.10676813977542476,-0.0537944284341981,-0.14348095749713008,-0.08478617195648933,-0.09439439714491024,-0.145985401459854,0.0744168265354351,0.13827751196172258,0.244,552.0,266.5,0.5,0.0976,503.0,106.6,0.2,db_007,30.290322580645164,-0.8658536585365854,46.153846153846146,-0.13580246913580246,0.009578118050702078
16,0.19672131147540972,12.360752056404225,0.9036144578313252,7.833333333333332,3.047619047619047,0.0,0.0,-0.13084112149532726,-0.375,-0.7914798206278026,-0.7168367346938777,-0.8557844690966718,0.0,0.0,-0.5630630630630631,1.5827440311700791,3.867724867724868,0.0,0.0,3.064242424242425,2.509405940594059,-0.6425462459194777,-0.7328102433261701,-0.19875737806772295,0.0,0.0,-0.37852514655970376,-0.12052613361024565,0.045656858682138514,-0.1643015521064301,-0.14706454751865078,0.011122345803842209,-0.2373910180342804,0.06756252332960082,0.1604449435870634,0.7013669821240797,0.4905000000000001,397.0,391.5,0.98685,0.4828200000000001,399.4,397.2,0.99474,db_007,-0.4693140794223827,-0.7695800227014756,22.86666666666667,27.137254901960787,0.0007170172084130018
17,5.578947368421051,2.3786334383924843,11.074074074074074,3.404605263157895,4.0700525394045535,0.0,0.0,-0.5970570295821896,-0.4028595458368377,-0.3298611111111112,-0.4004065040650407,-0.580887747615554,0.0,0.0,-0.7542662116040957,-0.6377854538476301,-0.37044145873320544,0.0,0.0,0.2891036906854131,-0.18615751789976145,-0.5114503816793893,-0.4931207004377736,-0.623352165725047,0.0,0.0,-0.6797153024911032,-0.3347338935574229,-0.07594971370155597,0.037344398340248816,-0.032576342235886006,-0.060253699788583574,-0.07438906368484788,-0.0096075224856909,-0.03429237947122875,0.17700072098053354,1.48855,308.0,305.0,0.98585,5.058357142857143,187.57142857142856,186.7142857142857,0.9959571428571428,docker_001,1.1587301587301588,-0.8586956521739131,1.8102189781021898,-0.4400000000000001,0.00034227039361095263
18,0.2352941176470589,1.2331901196218278,2.7361319340329837,1.9688549618320617,0.6254918733960649,0.0,0.0,-0.7401960784313725,-0.8431394401220336,-0.4398148148148148,-0.2807017543859649,-0.8452220726783312,0.0,0.0,5.196078431372547,0.4163303792902514,0.10383309073265394,0.0,0.0,2.0129870129870127,0.010859728506787096,1.1059190031152648,-0.7739493501418736,3.885181550539744,0.0,0.0,28.095659163987136,-0.8664983873229559,0.11833459339942025,0.4461876832844576,0.059520522153884765,-0.02525252525252525,0.18619977201481894,-0.33356676003734825,0.047948247623263975,0.14324324324324322,31.958350000000006,122.0,121.0,0.8658750000000001,40.20667,61.6,60.4,0.8719300000000001,docker_007,-0.24422442244224424,-0.7158774373259053,46.7,1.1073825503355703,0.00014613473622680112
19,7.6440677966101696,16.02643010654351,21.030303030303028,2.252331002331003,27.56880733944955,0.0,0.0,-0.9291497975708504,-0.8953943519064897,-0.9034250421111736,-0.5355086372360844,-0.860483870967742,0.0,0.0,0.7345132743362834,1.3239228801888647,-0.12211981566820272,0.0,0.0,-0.18297872340425544,1.1370473537604455,-0.8064516129032259,-0.6226796861954922,-0.6813829787234043,0.0,0.0,-0.6392294220665499,-0.7518580676096859,-0.07514896735252725,-0.08367346938775512,0.12224131693198265,0.3799673380511703,0.02855354734286492,0.05830039525691705,-0.15280673951121848,-0.22487223168654175,7.071933333333334,202.33333333333331,202.33333333333331,1.0,9.2873375,124.375,124.375,1.0,docker_001,0.014925373134328216,0.3381642512077295,5.26953125,-0.9564102564102565,0.0
20,-0.21428571428571416,0.029132791327913233,1.4198113207547167,1.506711409395973,-0.741899441340782,0.0,0.0,0.0953846153846154,-0.364929821188233,-0.004672897196261583,0.6184971098265895,0.7393939393939398,0.0,0.0,-0.4625176803394626,-0.8967703330868321,-0.8060671722643554,0.0,0.0,-0.7354510800508259,-0.8128091990907875,-0.7890109890109891,-0.9271749836090938,-0.8531225905936777,0.0,0.0,-0.8480067723564721,-0.6400966183574879,0.1317740401012404,0.2363238512035015,-0.010242635338567705,-0.16627634660421547,0.017132041737089758,-0.019354838709677462,0.7971769965105139,0.08973607038123173,3.6305666666666663,183.66666666666663,183.66666666666663,1.0,4.016225,127.125,127.125,1.0,os_021,-0.6831345826235093,-0.8814627994955863,-0.9290322580645162,5.580645161290321,0.0
21,1.7236842105263162,0.6682150151902645,0.7252747252747253,0.0,0.0,0.4750306999590667,0.0019455252918288216,-0.3896848137535817,5.905377467065011,-0.4527636221089769,0.0,0.0,0.7522388059701491,-0.4913370131861393,0.6371681415929202,7.620289916644714,16.387931034482758,17.418221070811743,0.0,0.0,0.0,-0.5612903225806452,-0.7354148889257959,-0.21937842778793415,-0.9117983963344788,0.0,0.0,0.0,-0.23889710623127397,-0.13768515359108285,0.0,0.0,-0.08648743435685886,-0.3490533562822719,-0.06273710616969823,-0.2239123323519792,0.67745,430.0,430.0,1.0,0.7292799999999999,453.6,453.6,1.0,docker_003,11.363636363636365,-0.3296703296703297,12.490566037735848,-0.7871008140262993,0.0
22,0.4980392156862744,0.35256222095196904,-0.7090196078431373,0.0,0.0,-0.5005476451259584,-0.639921722113503,0.5284011220196352,-0.8656350699370287,0.2175870348139256,0.0,0.0,-0.4285002883052891,-0.85406974432383,3.460526315789473,6.159401675435947,2.7613727055067843,5.4455825864276575,0.0,0.0,0.0,3.5142857142857147,2.7994878466278665,0.005947660586835845,0.4083561794056365,0.0,0.0,0.0,0.5284862196626904,0.6086866597724921,0.0,0.0,-0.10640020802654593,-0.058910162002945465,-0.6174251454122901,-0.2631344612644701,0.58575,544.5,538.5,0.98905,0.5946199999999999,538.6,536.2,0.9956200000000001,db_007,1.1145833333333337,40.653846153846146,-0.1397058823529412,0.1289640591966172,0.0005230291311376676
23,0.07857142857142868,0.8750000000000002,-0.2928082191780822,0.0,0.0,1.222608695652174,4.253333333333333,1.0865384615384617,2.7998091435591435,1.2877777777777781,0.0,0.0,1.319410319410319,1.0499999999999998,0.5144508670520229,5.352862849533955,4.587301587301587,1.4277254566210045,0.0,0.0,0.0,-0.17063492063492058,-0.5313727632384831,-0.19730941704035884,2.0121951219512195,0.0,0.0,0.0,0.08257081987083427,0.18013095294173065,0.0,0.0,0.007513427142377348,0.222085889570552,-0.16910829847401512,-0.213928273561301,1.0176,429.5,429.5,1.0,3.688057142857143,219.42857142857144,219.42857142857144,1.0,docker_008,20.644067796610166,4.4230769230769225,11.333333333333332,-0.16015625000000006,0.0
24,-0.3546099290780142,0.24112134388419296,0.7830985915492957,0.0,0.0,2.8015873015873023,0.14352941176470574,-0.8136942675159236,-0.9396409506982928,-0.8675230830991569,0.0,0.0,-0.9621501272264632,-0.8941605839416058,2.784482758620689,5.072871190792205,4.825471698113208,3.9035159443990186,0.0,0.0,0.0,4.364864864864863,1.8951504209314736,1.8917012448132784,6.328233151183971,0.0,0.0,0.0,0.2320776370929454,0.4046296296296296,0.0,0.0,0.09886022223281994,0.18649193548387116,0.18415399720329656,0.2277091906721534,5.1359,220.5,220.5,1.0,9.031385714285717,88.2857142857143,88.2857142857143,1.0,os_021,3.2948717948717947,9.433823529411764,1.9615384615384608,0.4760302775441548,0.0
25,-0.6763005780346821,0.9105592465974326,0.3032679738562092,0.0,0.0,-0.019691621772246027,-0.06251993620414664,-0.7302483069977427,-0.901973265436028,-0.9193491333569154,0.0,0.0,-0.9455165130568356,-0.9502899751449876,2.094527363184079,11.394184483210912,6.269258459323254,3.908524938096924,0.0,0.0,0.0,-0.6028037383177569,-0.08757492305200072,1.5334773218142548,-0.16390977443609014,0.0,0.0,0.0,0.4003637449856045,0.3718785618070667,0.0,0.0,0.15474899932435748,0.4805705853418594,0.06591763032138044,-0.008637236084453097,30.296999999999997,200.33333333333331,198.33333333333331,0.8062,20.406337500000006,144.0,142.75,0.917525,os_018,3.828343313373254,-0.06870229007633591,-0.2283105022831049,0.0671378091872791,0.00020373119124537969
26,-0.775,0.030991379581931863,-0.25352877307274696,0.0,0.0,-0.8251028806584362,0.29023597569591625,-0.5302013422818792,-0.6353187042842214,-0.5037037037037037,0.0,0.0,-0.7202462380300958,-0.6819338422391857,5.828124999999999,25.600878292511855,5.652642934196331,6.6770186335403725,0.0,0.0,0.0,-0.8558758314855877,-0.5633500203613576,4.0692383778437184,17.621002906976738,0.0,0.0,0.0,0.3672455517081984,0.4608004240657302,0.0,0.0,-0.017920042867206998,0.03516789191337174,0.3828810446847585,0.1134453781512604,57.011075,87.75,82.75,0.852275,52.8299,45.1,40.3,0.8141999999999999,os_020,0.7172413793103447,0.19350282485875706,3.4696969696969697,-0.6575342465753424,0.0021996888245077524
27,-0.6810344827586207,-0.2348548887010425,-0.4081508515815085,0.0,0.0,-0.8870179250407388,-0.3772609819121447,-0.4527027027027026,0.7634437807005705,2.7551282051282056,0.0,0.0,2.456349206349206,1.5406698564593304,2.2357142857142858,70.65779220779221,1.0841638981173862,2.347931873479318,0.0,0.0,0.0,0.3654891304347829,-0.4966675073560319,-0.16617336152219878,-0.20625927424794271,0.0,0.0,0.0,0.7918158428789739,0.8576041477169368,0.0,0.0,-0.1322234466053151,-0.11629881154499143,-0.165008201202843,-0.322791886280147,15.219766666666667,117.66666666666669,117.66666666666669,1.0,20.30875,55.375,55.375,1.0,os_001,1.5884907709011944,-0.3242630385487528,64.38461538461539,0.3953488372093024,0.0
28,-0.515151515151515,5.384079063155759,1.9108910891089104,0.0,0.0,2.046471600688468,-0.35647530040053405,-0.08130081300813011,3.835051546391752,-0.3553113553113554,0.0,0.0,-0.8625277161862528,-0.4892002335084648,0.5365461847389558,-0.6315828320300648,0.17530487804878048,1.773645680819912,0.0,0.0,0.0,-0.6396255850234008,-0.3080560314377885,-0.6925541458413431,-0.3522831549049596,0.0,0.0,0.0,-0.08778950324935274,0.19882923699931807,0.0,0.0,0.3836140252153759,0.3031914893617021,0.045666997147077115,-0.2642320085929108,7.476400000000001,195.66666666666663,195.66666666666663,1.0,11.3787875,123.0,123.0,1.0,docker_002,1.9836695485110472,-0.20108695652173916,1.3846153846153846,26.94339622641509,0.0
29,-0.22903225806451616,-0.5864059880254929,-0.6905132192846034,0.0,0.0,-0.5942535915053092,-0.6322241681260945,0.31468531468531463,-0.7806760713335109,-0.7223974763406942,0.0,0.0,-0.6149358226371062,-0.4745908699397071,2.5810810810810816,-0.24197727703383776,-0.15372907153729073,-0.18002980625931447,-0.5506282335550629,0.0,0.0,0.5681818181818181,-0.37002715072531217,-0.3719376391982183,-0.7232824427480915,-0.725,0.0,0.0,0.5676244553611125,0.4261008942129238,0.0806174193929223,0.3062730627306275,-0.054996345544770266,-0.16927083333333345,0.061028591557564814,-0.1035369774919613,20.610766666666667,245.0,244.3333333333333,0.9975,10.657383333333334,355.66666666666674,355.33333333333326,0.99875,docker_004,-0.591304347826087,44.564593301435394,-0.7981651376146788,-0.9864406779661016,9.482043380348465e-05
30,-0.8616600790513834,-0.9876640222442352,-0.8511693834160171,0.0,0.0,-0.9216710182767625,-0.9359145527369828,-0.7647058823529412,-0.9539511553326206,-0.8505338078291815,0.0,0.0,-0.8181818181818182,-0.768160741885626,0.0,0.0,0.0,0.0,0.0,0.0,0.0,-0.9019607843137256,-0.8816563859190917,-0.6193181818181818,-0.8869565217391303,-0.8056680161943321,0.0,0.0,0.0581045334306304,0.26033057851239666,0.023350253807106515,0.118421052631579,0.3094857730162101,0.15952732644017714,-0.13715081166348148,-0.1217063989962359,0.4402,522.0,8.0,0.0171,0.17608,542.2,3.2,0.006840000000000001,db_007,0.0,-0.8,1.1703853955375254,84.8,0.018143445552643224
31,-0.16483516483516494,-0.3182051487550773,-0.11372219890893813,0.0,0.0,-0.7975830815709971,-0.7732217177449867,-0.1004901960784314,-0.9392991512939456,-0.9463634785627496,0.0,0.0,-0.9070289132602192,-0.9575,0.2545454545454545,-0.4513064133016627,-0.3610354223433243,-0.6038374717832957,-0.3073770491803279,0.0,0.0,-0.6371681415929203,-0.8995990492726685,-0.795364238410596,-0.7053191489361703,-0.7458396369137671,0.0,0.0,-0.20947787697382528,-0.03018867924528312,-0.17107789204603854,-0.265731058521372,-0.07875079276779333,0.08583690987124462,-0.020428162219207083,0.07072829131652662,1.25175,430.5,430.0,0.99875,5.2407,371.16666666666674,371.0,0.9995833333333334,docker_002,2.8070175438596485,-0.8653846153846154,8.753424657534248,18.920704845814978,4.046371416432314e-05
32,1.698160535117057,0.607473927924624,-0.4615384615384616,0.0,0.0,0.7771904321395534,0.8161865569272979,-0.8991825613079021,-0.9618621117707196,-0.9585857954900368,0.0,0.0,-0.9797998180163786,-0.9241306638566912,20.254385964912284,23.00987043003293,68.61611639619473,5.098509052183174,9.625752105896511,0.0,0.0,-0.15178571428571425,-0.7602179836512262,0.5167999999999999,-0.7284162378501999,-0.8097826086956521,0.0,0.0,0.033001878751775474,0.7230046948356808,0.12685144449332736,-0.2429792429792431,-0.09536674187547,0.22077922077922074,0.0048503183718636355,-0.031976075454336166,7.0848,126.33333333333331,126.33333333333331,1.0,12.2676875,97.0,97.0,1.0,docker_003,78.70270270270271,-0.4852941176470588,4.85,-0.9825870646766168,0.0
33,0.08888888888888886,-0.5173525037183936,-0.7475728155339807,0.0,0.0,-0.8312788906009245,-0.7009063444108762,-0.9002849002849004,-0.9596485270322734,-0.8384259259259259,0.0,0.0,-0.9291497975708504,-0.9406424581005588,-0.7330827067669173,-0.8652597402597402,-0.6606498194945848,-0.8333333333333334,2.2191358024691357,0.0,0.0,-0.5466666666666666,-0.7737989296276007,-0.8602906704172526,-0.9533861037818822,-0.12931538911644225,0.0,0.0,0.030013040425318414,0.12936344969199187,45.74632956751108,37.075181159420296,-0.00017334026694391152,-0.07682206172028902,-0.01999982788958439,-0.06253706754530465,1.5790666666666666,264.0,264.0,1.0,4.2648875,185.5,185.5,1.0,docker_006,-0.5617977528089887,-0.25170068027210885,-0.88268156424581,-0.7179487179487178,0.0
34,-0.8021505376344086,-0.06259369066258043,3.3005780346820814,0.0,0.0,1.3223140495867771,1.0502313284864508,-0.3024691358024691,-0.8107348762590172,-0.7127516778523492,0.0,0.0,-0.913806863527534,0.07444561774023227,-0.4251497005988023,0.3832783531477403,-0.09027777777777783,-0.7434285714285714,3.870967741935484,0.0,0.0,-0.5342465753424658,-0.5746725671628448,-0.7332317073170731,-0.7815845824411135,-0.6835016835016836,0.0,0.0,0.0357729868807028,0.21699458226404333,-0.14793431575710794,-0.3137882018479032,0.02449442250814472,-0.04387096774193547,-0.014784848522130254,0.005025125628140596,2.5138666666666665,311.3333333333333,311.3333333333333,1.0,2.6116375,285.625,285.625,1.0,docker_004,0.4567901234567903,209.92972972972973,4.583333333333334,-0.80078125,0.0
35,-0.8761354252683733,-0.975797369651548,-0.9613601236476044,0.0,0.0,-0.9645232815964524,40.69500346981263,0.0,0.0,0.0,0.0,0.0,0.0,0.0,0.013513513513513466,-0.5984703632887189,-0.28846153846153844,-0.4462540716612378,-0.07216494845360827,0.0,0.0,141.3805309734513,538.5306171049907,62.02148846960168,1259.5806451612905,1701.9,0.0,0.0,0.25513214253248073,0.31993654151242723,0.07882695507487514,-0.07299787384833459,0.023504109378600386,0.1956521739130435,288.6723762067892,189.90327169274536,58.23502499999999,21.5,15.75,0.7892750000000001,49.2163,18.7,14.2,0.8257200000000001,os_020,-0.7727272727272727,1398.034090909091,-0.9456521739130436,0.0,0.016877637130801686
36,7.526315789473686,916.8213813459269,31.81005586592179,0.0,0.0,121.7235494880546,54.745689655172406,0.5000000000000001,-0.6920988324735271,-0.5680379746835443,0.0,0.0,-0.7817622950819672,-0.6458333333333333,-0.8727735368956744,-0.8900494777350193,-0.5565361279646993,23.918831168831172,-0.9091534755677908,0.0,0.0,-0.5251798561151079,-0.7481386392811297,-0.2083333333333333,137.75213675213678,-0.7371565113500597,0.0,0.0,27.831589849818744,19.105263157894736,0.6728653215079029,-0.5073188147090325,0.01849166763329845,-0.04084733643189133,0.02459733814572537,0.08124999999999986,5.141766666666666,112.33333333333331,112.0,0.9980333333333332,4.687575000000002,120.75,120.125,0.9968875,os_017,-0.8721136767317941,17.852941176470583,284.125,21.69512195121952,5.2565180824222026e-05
37,1.5384615384615388,1.291536146842753,2.137884872824632,0.0,0.0,1.297045101088647,2.1075201988812924,-0.17804154302670622,-0.5964535686627858,-0.5846228239845261,0.0,0.0,-0.6376011773362767,-0.41222459132906897,0.0,0.0,0.0,0.0,0.0,0.0,0.0,0.0,0.0,0.0,0.0,0.0,0.0,0.0,0.0,0.0,0.0,0.0,0.05118213677162108,0.16177419354838712,0.00937554110440628,-0.07124588966021181,0.86545,560.0,286.0,0.5109,0.9182,553.0,278.0,0.50272,db_003,0.0,0.0,9.23076923076923,2.9200000000000004,0.03132490738723033
38,10.255102040816324,9.524045261669023,1.8092105263157896,5.933333333333333,14.675675675675675,0.0,0.0,-0.21149144254278732,-0.958976111008909,-0.7335811648079306,-0.6839622641509434,-0.8023255813953488,0.0,0.0,1.1884057971014494,0.13496674586900154,0.4419263456090653,0.0,0.0,0.4438642297650129,-0.17110266159695814,1.3064516129032255,-0.8943533697632058,-0.5462097611630322,0.0,0.0,-0.6775036284470247,-0.369747899159664,0.0896057347670252,0.18521160247265814,-0.03456890048013748,-0.11487758945386065,0.0849081714133614,0.4873873873873874,0.1597226401342666,-0.020209059233449664,0.3825,380.0,190.0,0.46915,0.153,378.4,76.0,0.18766,db_003,-0.4698795180722892,0.11111111111111108,-0.6895242349787805,-0.9404255319148936,0.03318130465709862
39,-0.3290598290598292,1.5606335145292258,-0.5865243004418262,0.3706806282722514,0.16557017543859642,0.0,0.0,-0.8448581560283688,-0.9275443751554396,-0.5894538606403014,-0.8620942539272469,-0.8621867881548975,0.0,0.0,-0.6807692307692308,-0.7294971956090703,-0.471042471042471,0.0,0.0,0.6162162162162161,-0.90625,0.030303030303030394,-0.6298305084745762,-0.3470588235294118,0.0,0.0,-0.2811387900355871,-0.6239837398373984,-0.12041227946417955,0.04652686762778488,-0.11984293622010768,-0.14385964912280708,0.019996836546336848,0.0614061557030778,0.07057283801469838,0.23638232271325801,30.0394,164.0,164.0,1.0,21.3231375,122.5,122.125,0.9957875,docker_001,-0.7426160337552743,-0.07692307692307697,8.972079353416607,-0.9312063808574276,0.0
40,-0.5693654266958423,0.4391974148545855,-0.3201509681654087,-0.2539363484087103,-0.26245551601423484,0.0,0.0,-0.29739776951672875,-0.43250563299546735,-0.7717391304347826,0.11763748779694105,-0.8151784322892318,0.0,0.0,1.85,-0.3519487549621074,1.267277268942548,0.0,0.0,-0.5425764192139739,0.6815546152640655,-0.012987012987013113,0.6837606837606836,-0.3450292397660818,0.0,0.0,0.111111111111111,0.13821138211382109,0.010074423384262182,-0.11771250556297295,-0.033128958079064366,0.08207792207792237,0.47894406033940895,0.042035398230088464,0.11810301087109056,0.06813186813186799,6.620900000000002,238.3333333333333,238.3333333333333,1.0,5.637425,141.5,141.375,0.875,docker_005,0.0819672131147541,-0.6470588235294118,1.3996297819827228,-0.4748743718592965,0.0
41,-0.6509433962264152,-0.3712179652009944,-0.7298578199052133,-0.8461272475795298,37.895522388059696,0.0,0.0,2.1666666666666665,2.24,1.627906976744186,0.4563106796116508,2.3535353535353543,0.0,0.0,-0.2518518518518521,0.1893248777909897,-0.020666666666666632,0.0,0.0,-0.8876535680055764,-0.6542372881355931,-0.855072463768116,-0.5100502512562815,-0.6967455621301775,0.0,0.0,-0.6037735849056604,-0.6903669724770642,0.2180356432643324,-0.04408817635270537,0.6091642614777221,0.495249695493301,0.000721681544414303,-0.237720768338275,0.047023691808725385,0.08429926238145409,37.63505,70.25,69.25,0.961075,29.0652625,54.625,54.125,0.9805375,os_018,0.3792270531400967,0.9444444444444444,-0.7174562526675203,23.897435897435894,0.0005292405398253506
42,-0.02304147465437793,0.4005670636060168,-0.5029655990510083,-0.0406290956749673,0.16820702402957488,0.0,0.0,2.875862068965516,3.6665079108814975,0.6533212010919015,0.2790697674418605,1.2087962962962966,0.0,0.0,-0.8181818181818182,-0.8727406187925507,-0.8454428754813864,0.0,0.0,-0.6409090909090911,-0.9303822937625752,-0.7084507042253522,-0.5166555408433615,1.3394980184940553,0.0,0.0,0.15569620253164584,-0.417905124242064,-0.2888690087606889,-0.10051993067590972,-0.05653981087892941,0.19472817133443154,-0.04979398614885601,0.23366336633663345,-0.0068847927410328824,-0.04361692148954145,2.6878,359.0,359.0,1.0,2.6874857142857143,282.57142857142856,282.57142857142856,1.0,docker_005,-0.5714285714285713,1.0841121495327104,1.3955056179775285,0.016129032258064457,0.0
43,5.44927536231884,8.267055496641921,1.4366576819407009,-0.2333907056798623,-0.07787864309603422,0.0,0.0,2.2010376134889738,1.4052821250748544,-0.30553037171350866,0.9986798679867988,0.36942675159235655,0.0,0.0,-0.4721966205837172,-0.7953460638839445,-0.8060402684563758,0.0,0.0,-0.8613916947250281,0.996,-0.6580188679245282,1.5573394495412844,5.1138613861386135,0.0,0.0,17.217028380634392,3.9854439592430846,0.0192291103885184,-0.07995642701525073,0.09041455208986696,0.044251931631936116,0.01599323753169905,0.34623655913978496,0.25424538669571795,0.31727493917274946,5.5139999999999985,240.66666666666663,240.66666666666663,1.0,5.534285714285714,165.42857142857142,165.42857142857142,1.0,docker_007,-0.8679245283018868,3.5192307692307687,0.4201312910284464,4.92,0.0
44,-0.4787330316742081,-0.2864609851510755,-0.4025531914893616,-0.35477941176470584,-0.807792946530148,0.0,0.0,0.06033057851239665,-0.9550212916962384,-0.8021844660194175,-0.15909090909090912,-0.8620689655172413,0.0,0.0,0.5652173913043479,-0.5890637945318973,-0.5669014084507042,0.0,0.0,-0.8335627316040233,-0.8562091503267975,6.2727272727272725,3.2648044692737432,6.628712871287129,0.0,0.0,0.8356164383561644,9.386206896551725,0.12255734919286344,0.31531531531531515,0.028860906064553517,-0.10871905274488697,0.004652755972939818,0.009592326139088822,-0.016142128958477914,0.023504273504273417,6.3443000000000005,165.33333333333334,165.33333333333334,1.0,5.8751000000000015,139.14285714285714,139.14285714285714,1.0,docker_006,-0.6058394160583941,5.970588235294117,156.29552023121389,2.1933085501858742,0.0
45,-0.543046357615894,-0.9613521062532064,-0.8270093839249286,0.0,0.0,-0.9474969474969476,-0.8610129564193169,-0.6460905349794238,-0.9242295765652772,-0.809788267962513,0.0,0.0,-0.9386177964230512,-0.3693496646252551,0.027777777777777863,-0.5314134300258002,0.27593818984547464,-0.8236641221374046,-0.8066420664206642,0.0,0.0,19.268429487179485,27.686899038461537,85.91803278688525,13.218749999999998,13.542735042735044,0.0,0.0,0.19503059521602076,-0.3116438356164383,-0.08972435298512339,0.5263157894736842,0.07484161924191987,-0.022339027595269373,-0.15925555121059487,-0.3503104082128118,7.0714,106.0,106.0,1.0,14.929799999999998,89.75,89.25,0.95,docker_004,-0.72,44.91304347826087,54.16981132075471,20.827027027027032,0.0
46,-0.06974248927038652,-0.9551391608393176,-0.8422007255139057,0.0,0.0,-0.9662750217580504,-0.9464497311092882,1.351851851851852,9.195300261096603,10.060913705583758,0.0,0.0,12.628458498023715,4.660933660933661,-0.10699588477366262,-0.6237091526382799,0.0192307692307694,0.6009019165727171,-0.06236559139784936,0.0,0.0,0.3125,-0.2106710671067108,-0.25514705882352945,-0.7509377344336083,-0.8391489361702128,0.0,0.0,0.05319008410021588,0.00970340534602705,-0.0230188419434057,-0.050847457627118814,-0.035281068959825315,-0.0009199632014718886,-0.0520851652652185,-0.2314595032710009,0.2958,524.0,154.0,0.2884,0.11832,511.2,61.6,0.11536,db_003,-0.7692307692307693,-0.4482758620689655,21.282157676348547,2.5454545454545454,0.0
47,-0.7174407275089316,-0.8755531431654138,-0.6067226890756303,0.0,0.0,-0.4417566058801637,-0.7952471544191148,0.2032295271049597,-0.3636833374071049,0.15951661631419942,0.0,0.0,-0.750238625517022,0.21249831831023802,1.0869565217391306,-0.5217640001671247,1.9696202531645568,1.4656716417910447,-0.5432835820895523,0.0,0.0,3.614130434782608,-0.9256552169983706,-0.5274779195289498,-0.8229448961156278,-0.02180685358255461,0.0,0.0,0.11329867566503345,-0.15646258503401375,0.0781054315898983,-0.007142857142857118,-0.04143161443916666,-0.08981033841576809,-0.06458517035700538,0.003531073446327935,8.8292,170.33333333333334,169.33333333333334,0.9930666666666668,22.8358875,103.25,101.625,0.926325,os_021,4.355748373101951,-0.4931506849315068,-0.6753832281334535,-0.5502283105022829,0.0
48,-0.7375886524822695,-0.960298142003148,-0.8722649319929037,0.0,0.0,-0.8373515653112631,-0.9074074074074072,0.019801980198019462,1.741559328649492,2.2405405405405405,0.0,0.0,9.94468085106383,-0.05974842767295604,-0.3791574279379159,-0.8520500213676047,-0.8690950483779168,-0.9216225507047096,-0.8336298932384341,0.0,0.0,-0.42923433874709976,7.0015772327880885,-0.4284128745837957,0.6322751322751324,-0.09760956175298817,0.0,0.0,0.006624524813951101,-0.16637354906788598,-0.12443764316410308,-0.3181225554106911,0.05777109730071695,0.18754172786753906,0.2371216276866306,-0.18387741505662888,3.1860666666666666,329.0,329.0,1.0,2.8663142857142856,384.8571428571428,384.71428571428567,0.9997285714285714,os_009,-0.4342629482071714,2.294117647058824,-0.8621468926553673,16.609375,0.0
49,-0.7196969696969697,-0.8303830528148579,-0.8421851289833081,0.0,0.0,-0.9408396946564884,-0.9041353383458648,-0.8005698005698005,-0.9337704719106223,-0.7997591087021981,0.0,0.0,-0.7569681780208096,-0.9415012248181054,-0.5303199404761905,-0.8435156865368791,15.324619586422159,-0.6793893129770991,110.97881355932202,0.0,0.0,0.12676056338028202,-0.5683581557121198,-0.7644460802355539,-0.9099021795091814,58.33819516793174,0.0,0.0,-0.056687662097072836,-0.05235137533274166,-0.11509493312530668,-0.13886138613861382,0.1311437041660166,-0.20839317057603332,0.16528867217864465,0.17105263157894732,10.351366666666664,75.66666666666667,75.66666666666667,1.0,8.5177,78.0,78.0,1.0,docker_006,-0.9263038548752834,-0.92,-0.8986486486486487,-0.8898071625344353,0.0
50,3.4,-0.630473297899266,-0.8396275219865494,0.0,0.0,-0.21052631578947376,-0.5301587301587302,-0.13333333333333322,0.8350000000000001,7.008474576271187,0.0,0.0,-0.5261845386533666,1.957516339869281,-0.9220489977728286,-0.974236536319792,-0.9485704323570432,-0.9422926447574336,-0.9523082792827164,0.0,0.0,-0.4393939393939393,0.5809267103067643,2.246435845213849,-0.4832535885167464,1.2259136212624584,0.0,0.0,-0.18954404868801755,-0.25657894736842096,-0.07263389581804862,0.0930599369085174,0.058460549574160435,-0.00552486187845296,-0.11199725580996482,-0.07828810020876828,9.878433333333334,37.0,35.333333333333336,0.9666666666666668,9.772800000000002,41.714285714285715,41.0,0.9857142857142858,os_021,87.49557522123894,258.46632124352334,-0.7777777777777778,0.9101123595505616,0.0
51,-0.16049382716049382,-0.6381580231167757,-0.7635605006954103,0.0,0.0,0.06505494505494508,-0.6317749275961936,-0.9223300970873788,-0.2893027015495529,1.0871985157699444,0.0,0.0,0.3411264612114772,0.5408646616541349,-0.4069767441860463,-0.5373994733470928,1.4569230769230768,-0.2008368200836819,2.39467680608365,0.0,0.0,0.04225352112676041,0.15708812260536384,2.5375722543352603,-0.12999999999999995,77.8653846153846,0.0,0.0,-0.0004994891588150625,0.13532934131736524,24.484126984126984,34.87924528301887,5.8903222006284336e-05,-0.29073482428115016,0.1467507720612396,0.042124542124542086,1.5274666666666663,261.3333333333333,261.3333333333333,1.0,3.98785,183.0,183.0,1.0,docker_006,-0.03571428571428559,3.7647058823529416,0.675257731958763,10.178571428571429,0.0
52,-0.44751381215469616,-0.8265108209805627,-0.7190969096909692,0.0,0.0,-0.6989583333333333,-0.5641373080397472,0.6956521739130433,-0.7803423342456801,-0.3855263157894737,0.0,0.0,-0.5075471698113208,-0.3835616438356164,0.1220556745182012,1.281262939958592,37.50363196125908,625.6880000000001,-0.0638297872340425,0.0,0.0,-0.7522935779816514,-0.9684398539961504,-0.8548510313216195,11.35432977461447,-0.5327291037260825,0.0,0.0,0.0959715471014284,-0.14031620553359686,-0.031240672569893706,0.3333333333333333,0.18270310457516345,-0.09667240390131954,0.07301119177253505,0.02585784313725483,8.192366666666667,124.0,123.33333333333331,0.9906,8.312214285714285,100.0,99.71428571428572,0.9959714285714286,docker_005,3.5909090909090904,-0.8367117117117117,8.385964912280702,4.015625,0.0
53,-0.3948717948717949,-0.11265644661849634,-0.463318948607297,0.0,0.0,6.877300613496933,-0.6144978507229386,-0.9047005795235028,0.44980128427522204,-0.5729072090067188,0.0,0.0,13.203434610303828,-0.3571834185122088,-0.8417030567685588,-0.11597603030131708,0.5222222222222223,2.840579710144928,5.8361581920903935,0.0,0.0,0.2632375189107411,-0.8732211018688083,-0.08185840707964608,-0.7734513274336283,-0.18297101449275344,0.0,0.0,0.05257977970420498,-0.05882352941176459,0.11298423177178242,-0.16577540106951866,0.07449955286510263,-0.1095406360424028,-0.07898045490913247,0.2570621468926552,3.3197,238.0,238.0,1.0,2.9525125,205.25,205.25,1.0,docker_007,1.1153846153846154,-0.6756756756756757,-0.6514084507042254,-0.6840796019900498,0.0
54,13.661257606490869,13.592733795032698,56.834844559585505,0.0,0.0,20.03085714285714,12.165543386689134,-0.5600991325898389,-0.9388670613068368,-0.9186685962373372,0.0,0.0,-0.925227045194508,-0.9453409682457052,-0.6,-0.4921875000000001,0.8522727272727272,0.027777777777777683,-0.7391304347826086,0.0,0.0,0.8709677419354834,0.4515594541910331,0.05442176870748305,0.618279569892473,-0.4044242768009076,0.0,0.0,0.8390683696468821,0.16053511705685633,-0.009993980680852164,0.07528840315725557,0.015439328607680687,0.050056882821388204,-0.01902017549664805,0.01562500000000004,9.942266666666667,104.66666666666669,104.66666666666669,1.0,26.51108888888889,69.55555555555556,69.33333333333333,0.9978,docker_001,32.083333333333336,-0.5259259259259259,53.467741935483865,0.13454545454545452,0.0
55,-0.3270202020202019,-0.6160702334835138,0.10526315789473678,0.0,0.0,1.4556159420289858,-0.44102564102564107,-0.6669236700077101,-0.9516122383620458,-0.8791827065442701,0.0,0.0,-0.9223147047166071,-0.7829552421827101,-0.7831325301204819,0.11627906976744205,2.347826086956522,-0.38461538461538464,-0.3176100628930818,0.0,0.0,-0.7250000000000001,-0.7523037228160707,-0.4913793103448275,-0.2723577235772357,-0.8758888170652877,0.0,0.0,-0.043549138332556976,-0.20469798657718125,-0.16607756008887087,0.10927835051546388,0.03576868472631745,-0.06385964912280713,-0.014662428922603103,0.29383886255924163,2.346833333333333,307.6666666666667,307.6666666666667,1.0,2.4844,289.25,289.25,1.0,docker_001,29.07692307692308,-0.68125,260.5888888888889,-0.7309941520467836,0.0
56,-0.20833333333333331,0.2736757126001367,-0.4408060453400504,0.0,0.0,-0.4129353233830846,-0.7402597402597402,-0.85546875,-0.8508782456647066,-0.7297939778129952,0.0,0.0,-0.5253541076487251,-0.8546511627906976,-0.8148148148148148,-0.8445004303262655,-0.4696132596685084,-0.9291218432898452,-0.8796277145811789,0.0,0.0,0.4285714285714285,-0.9168045586543202,-0.4196428571428572,-0.29250000000000004,-0.4177400774950256,0.0,0.0,0.5527755658190439,0.0395721925133689,0.11585455671321823,-0.23667702409567926,0.011485291553540838,0.08747640025173073,-0.044873563218390984,-0.024732620320855637,1.17735,419.0,419.0,1.0,1.17742,418.4,418.4,1.0,docker_001,-0.8980582524271844,-0.8220858895705522,1648.583333333333,-0.024590163934426142,0.0
57,0.6056338028169013,0.2111173361264706,0.5583941605839418,0.0,0.0,-0.7835294117647058,-0.5598349381017882,2.4981366459627337,144.10412174293018,-0.4022643253234751,0.0,0.0,51.605026929982046,3.1136,-0.4883720930232557,0.2605459057071958,1.0158102766798418,-0.2142857142857144,171.73239436619718,0.0,0.0,-0.4399999999999999,-0.6227219934537009,1.8753056234718823,-0.12179016874541446,26.530054644808747,0.0,0.0,0.08464285714285685,0.15250291036088476,36.256808322622106,17.644793152639085,0.029050847928739326,0.1969343399679708,-0.006809763028365522,-0.07358738501971092,30.96565,76.0,74.75,0.99255,29.02767,77.8,77.0,0.9948899999999999,os_018,10.090909090909092,-0.5686274509803921,-0.15068493150684928,12.595041322314053,0.000531883458424443
58,-0.7860696517412935,-0.2885975210434579,-0.01977401129943511,0.0,0.0,-0.6515151515151515,23.29787234042553,1.8602941176470595,0.14368442572076184,-0.31924290220820184,0.0,0.0,-0.5231990231990231,21.31314623338257,0.0,-0.1999378495960225,-0.5393258426966292,-0.8081023454157783,-0.9084842707340324,0.0,0.0,-0.8539823008849557,-0.9353626111671404,-0.8569500674763832,-0.9127584467977812,-0.8505434782608695,0.0,0.0,-0.11190073997825584,-0.07532956685499052,-0.03483055406132308,-0.2032520325203252,-0.026411879259980515,-0.06066411238825041,0.026330027051397663,0.20346320346320346,4.288566666666666,261.0,261.0,1.0,3.14965,247.5,247.5,1.0,docker_008,0.2325581395348837,-0.8738738738738738,0.8163265306122448,-0.019999999999999928,0.0
59,-0.8,-0.8250428816466552,-0.7657894736842106,0.0,0.0,-0.03773584905660389,-0.9250425894378196,1.3405405405405406,11.564046479835955,2.4798534798534804,0.0,0.0,10.523012552301255,5.370370370370369,-0.4597156398104266,-0.3638780088207408,1.0316573556797015,0.0,-0.4758389261744965,0.0,0.0,2.0256410256410247,-0.4861788617886178,3.62992125984252,0.0,0.5314685314685313,0.0,0.0,0.0,0.0,0.008912655971479565,0.0786199095022623,0.0862682602921647,-0.2842105263157895,1.363850528178606,0.6246719160104988,7.360733333333332,260.0,255.0,0.9848,6.5979625,259.375,257.5,0.9943,db_003,6.018099547511313,-0.06742655321881523,-0.10026540843409024,15.339830508474574,0.0013449899125756554
60,-0.07692307692307715,-0.8952141543969856,-0.8662576687116563,0.0,0.0,-0.9164969450101832,-0.8932238193018481,-0.11111111111111092,38.35068354997758,2.2307692307692304,0.0,0.0,1.116564417177914,3.6460176991150446,0.0,-0.6833333333333332,-0.3253968253968253,0.0,-0.4411764705882353,0.0,0.0,-0.2848101265822784,-0.1658578305491961,-0.6432038834951456,0.0,-0.23880597014925364,0.0,0.0,0.0,0.0,0.03551429413498397,0.1057173678532904,-0.2430327751946829,0.03420523138832997,0.057597695882699314,0.25284738041002314,1.5642,377.5,377.5,1.0,3.789228571428571,203.57142857142856,203.57142857142856,1.0,docker_008,-0.7881295661731428,-0.2062180243998426,-0.3405405405405405,6.015829318651066,0.0
61,15.760975609756095,219.3294573643411,122.43514644351464,0.0,0.0,27.840646651270198,41.50928381962865,-0.7101449275362319,-0.5223880597014927,-0.4585635359116022,0.0,0.0,-0.9069359086918349,-0.8670788253477588,0.256,0.3548365140279001,-0.25958378970427165,0.0,-0.7264696491290311,0.0,0.0,0.02631578947368429,0.5552754640236514,-0.13760000000000006,0.0,0.7806691449814127,0.0,0.0,0.0,0.0,0.1353817637413559,0.2626317505161361,0.07564357967622777,-0.01443298969072149,0.1180624809199144,-0.02147971360381854,9.9372,125.66666666666669,125.66666666666669,1.0,11.5137375,85.5,85.5,1.0,docker_001,5.5802547770700635,-0.641757916543356,0.11820103786277147,2.8154465766406065,0.0
62,9.097222222222221,4.258991620180781,1.1802403204272358,0.0,0.0,4.70281124497992,3.3511450381679397,0.047619047619047665,1.814558232931727,0.2853736089030206,0.0,0.0,1.386266094420601,7.625000000000001,3.957264957264957,5.273168076163467,1.6546003016591249,0.0,4.472560975609756,0.0,0.0,5.146341463414634,3.7110552763819102,0.5986733001658376,0.0,3.19406150583245,0.0,0.0,0.0,0.0,0.04928116199792498,0.3322475570032573,0.06052089795693603,0.06092001657687551,-0.09522183466082776,0.028128950695322397,12.6187,122.0,122.0,1.0,14.1782,67.875,67.875,1.0,docker_006,-0.4909972299168976,6.400733048259012,-0.07497165532879806,-0.7008836247414927,0.0
63,-0.7873345935727788,-0.9531616777363296,-0.5584470989761092,0.0,0.0,-0.9374288964732652,-0.9453709028177114,0.0,0.0,0.0,0.0,0.0,0.0,0.0,-0.16666666666666666,-0.4662921348314607,-0.4047619047619048,0.16666666666666666,-0.3207547169811321,0.0,0.0,0.0,0.0,0.0,0.0,0.0,0.0,0.0,0.0072708204522151845,-0.12007332722273145,-0.10456345256265616,-0.010807840263784507,-0.01690243017772935,-0.10629654705484093,-0.017832319552671946,0.0014727540500734753,0.4402,522.0,8.0,0.0171,0.17608,542.2,3.2,0.006840000000000001,db_007,-0.7727272727272727,0.0,8.437984496124031,0.0,0.018143445552643224
64,-0.34,-0.6384907047149114,0.2927927927927928,0.0,0.0,-0.5063424947145877,-0.13663366336633653,-0.6727574750830565,-0.9361426326680656,-0.9372458660883708,0.0,0.0,-0.9364406779661018,-0.9706786474343816,-0.7919463087248323,-0.375,-0.5470249520153551,-0.13207547169811326,-0.3131313131313131,0.0,0.0,-0.8628318584070797,-0.7463280887380351,-0.3587278106508875,0.5963048498845265,-0.5907285841640327,0.0,0.0,-0.1133723332935374,-0.09944751381215472,-0.06196942071381526,0.1676954732510287,-0.08780134243021337,0.1463855421686748,-0.011264080100124918,-0.053081761006289294,1.25175,430.5,430.0,0.99875,5.2407,371.16666666666674,371.0,0.9995833333333334,docker_002,-0.7608695652173912,-0.25903614457831325,1.2105263157894737,70.95499021526419,4.046371416432314e-05
65,-0.058635394456289965,0.6932278541580276,-0.09399477806788498,0.0,0.0,-0.0616648106904231,1.3827814569536423,-0.6914715719063546,-0.9440437615414096,-0.8051149239235998,0.0,0.0,-0.9591966509458958,-0.8703140830800405,18.674107142857142,17.48203054806828,14.853387259858446,3.2760834670947028,12.25273224043716,0.0,0.0,-0.035019455252918164,1.4376729568946325,-0.5147435897435897,-0.8940397350993378,-0.900853889943074,0.0,0.0,-0.050906707450295054,0.22125603864734292,-0.05531136866360545,-0.20629921259842526,-0.00628880821784721,0.1884456671251719,-0.026988339861552017,-0.13044619422572176,7.0848,126.33333333333331,126.33333333333331,1.0,12.2676875,97.0,97.0,1.0,docker_003,24.794117647058826,-0.7603305785123966,10.382352941176473,-0.9758364312267658,0.0
66,-0.7256162915326902,2.0891358194578227,-0.8630647414997671,0.0,0.0,-0.5908233815210558,-0.5827711468604049,-0.6271929824561404,-0.5914311891102635,-0.670062695924765,0.0,0.0,-0.5120101137800253,-0.516750418760469,0.3346774193548391,0.8736801933596235,-0.8478081058726221,-0.913921360255048,10.774931381518755,0.0,0.0,-0.6864406779661018,-0.7839967330466743,-0.6432914471017429,-0.5630434782608695,0.5727525486561629,0.0,0.0,-0.020142949967511405,0.08496732026143795,17.527621248326028,33.00292864749734,-0.010925762910037126,0.1542613636363637,-0.0358162064643382,-0.08479309469408479,1.5790666666666666,264.0,264.0,1.0,4.2648875,185.5,185.5,1.0,docker_006,-0.7217391304347827,-0.5549999999999999,-0.3772455089820359,0.7953020134228187,0.0
67,-0.8021978021978021,0.1710820740904446,1.1146788990825691,0.0,0.0,5.8533864541832665,0.8217948717948721,0.19677419354838727,-0.8304931318572816,-0.6581455805892548,0.0,0.0,-0.635036496350365,0.41614255765199176,-0.4789915966386553,-0.28205737082066873,-0.2824919441460795,-0.9285714285714284,-0.6086956521739131,0.0,0.0,-0.7179487179487181,-0.3197714900026877,-0.04904632152588567,-0.07810739767179872,0.0211864406779661,0.0,0.0,0.10284265216783094,-0.02246814218645234,-0.17407946154509915,0.004914004914005028,-0.0751148994587327,-0.07277770439836229,0.06393391923662424,0.03428239395700169,2.5138666666666665,311.3333333333333,311.3333333333333,1.0,2.6116375,285.625,285.625,1.0,docker_004,1.3333333333333333,177.2458100558659,3.818181818181817,-0.7916666666666666,0.0
68,52.745535714285715,14.445222959491439,47.56068376068377,0.0,0.0,6.389888603256212,9.15886287625418,-0.8496762257169288,-0.9216847018642668,-0.8602213162492719,0.0,0.0,-0.8057259713701431,-0.8852445997458703,-0.6335282651072125,0.7737373737373735,-0.07587382779198641,-0.09007869589657108,1.7676470588235291,0.0,0.0,-0.752,-0.5038051750380517,-0.4409722222222222,0.234375,-0.6940944881889763,0.0,0.0,-0.06916372462488964,-0.16839097448024434,0.10877963408810364,0.051033125614955585,0.2489729075777255,0.19493257049448304,0.016995328023742404,0.08759635599159055,9.942266666666667,104.66666666666669,104.66666666666669,1.0,26.51108888888889,69.55555555555556,69.33333333333333,0.9978,docker_001,4.816666666666666,3.666666666666666,10.775700934579437,-0.6328502415458938,0.0
69,-0.6063569682151589,-0.7767040179913965,-0.6964248379678026,0.0,0.0,-0.6131993006993007,-0.8321503932476502,-0.6863221884498482,-0.8766455956703095,-0.7648587203637545,0.0,0.0,0.5153760652093369,-0.4674311926605504,-0.4844961240310077,-0.8271261031391184,-0.736,-0.17527932960893855,0.022522522522522563,0.0,0.0,-0.5116822429906542,-0.8915906788247214,-0.9266321913380736,-0.8262295081967215,-0.8541899441340782,0.0,0.0,0.1309133147708296,-0.01277013752455786,0.016098081023454062,0.03253968253968255,0.0009107942667895313,0.04528582034149959,0.0726688102893893,0.15239520958083855,2.346833333333333,307.6666666666667,307.6666666666667,1.0,2.4844,289.25,289.25,1.0,docker_001,-0.08125000000000004,-0.9534883720930232,87.44107744107744,1.0381511371973584,0.0
70,1.319548872180451,0.7128645985111401,0.6757575757575757,0.0,0.0,2.346702317290552,-0.06941838649155714,-0.7673076923076924,-0.9648347672827264,-0.6657004830917875,0.0,0.0,-0.8081096516276413,-0.6149012567324955,-0.7738095238095238,-0.58783846224933,-0.8122529644268774,-0.26016260162601623,-0.8444165621079046,0.0,0.0,2.0365853658536586,0.7074563367666818,-0.3538461538461539,-0.5396995708154506,2.992307692307693,0.0,0.0,0.30212814776573144,0.042757417102966634,-0.07285950831032798,-0.09921414538310416,0.11042912950978874,-0.0867052023121386,0.055835068239648455,0.4162754303599374,2.593066666666666,312.0,312.0,1.0,2.4091875,289.5,289.5,1.0,docker_002,1.0,-0.2145922746781117,0.5208333333333331,73.64392324093816,0.0
71,-0.8789915966386556,0.3104556996258848,-0.5926680244399185,0.0,0.0,-0.4185401054676659,0.24307692307692305,-0.4042056074766357,-0.7614700892902493,-0.5,0.0,0.0,-0.6792452830188679,-0.6829099307159353,0.8050847457627117,-0.8987341772151899,-0.8152654867256637,-0.941834451901566,-0.8822197055492639,0.0,0.0,-0.8005390835579514,-0.9571513098907002,0.1899141630901288,-0.7983606557377049,-0.6426639621365787,0.0,0.0,0.002305539943555022,-0.00018181818181821016,0.021236071110045683,-0.06748911465892607,0.024936598487482253,0.17659727207465892,0.0392151609330904,-0.010317460317460241,1.17735,419.0,419.0,1.0,1.1774200000000001,418.4,418.4,1.0,docker_001,-0.8723404255319149,-0.2042553191489362,274.9354838709677,-0.7851851851851852,0.0
72,0.0,0.06158591329027785,0.04481132075471698,0.0,0.0,0.0364583333333333,-0.6089676746611054,17.834415584415574,128.3917136847728,27.066666666666666,0.0,0.0,205.8158844765343,7.947429906542058,-0.11111111111111092,-0.18711656441717794,21.66666666666667,1.1377551020408163,61.97029702970298,0.0,0.0,-0.6401151631477927,-0.4746440306681272,-0.3703703703703704,-0.755573462261617,26.213559322033905,0.0,0.0,0.1260760401721666,0.4122042341220425,29.036819035691924,11.073544433094993,0.03672388604821032,0.3056994818652849,0.0036695345703326655,-0.0902348578491963,30.96565,76.0,74.75,0.99255,29.02767,77.8,77.0,0.99489,os_018,-0.3888888888888888,-0.10714285714285708,-0.6448863636363636,73.12698412698413,0.000531883458424443
73,0.7464788732394371,1.9806532663316585,3.4772234273318867,0.0,0.0,17.421516754850092,2.900731158605176,-0.45495495495495497,-0.9135535894797518,-0.6547175832358261,0.0,0.0,-0.6846590909090909,-0.932491389207807,0.012765957446808578,-0.448,-0.7160798385288182,-0.7704918032786886,-0.7924016282225238,0.0,0.0,2.6944444444444446,3.0854748585785217,5.370129870129869,6.114427860696518,13.740331491712706,0.0,0.0,0.07571354211850444,0.2642276422764227,-0.11587514454031045,-0.2859216255442672,0.2073012627274066,-0.15369327591917856,0.04026315037368358,0.3517948717948716,29.7599,182.3333333333333,180.0,0.9836666666666668,14.087475,121.5,119.75,0.9541125,os_021,-0.9385964912280702,1.591836734693877,2.4,-0.29870129870129875,0.00022800560242337384
74,-0.8690851735015773,-0.3792935630767783,0.0022522522522523377,0.0,0.0,-0.6659352715304444,-0.01754385964912271,-0.6229885057471265,-0.7976373715463196,1.203954214360042,0.0,0.0,-0.5877991780159562,-0.3916819776181727,0.13089005235602064,-0.8767053668054378,-0.6294277929155313,-0.9106999195494772,-0.905893740589374,0.0,0.0,-0.840855106888361,0.12194644982080485,-0.25387365911799764,-0.3184855233853006,-0.4468279324509357,0.0,0.0,0.15283318398296958,0.12235294117647065,-0.04387598597721285,-0.17171717171717182,0.012713823393434907,-0.18989547038327528,-0.14236024844720493,-0.10609480812641103,1.57035,365.0,365.0,1.0,2.4022166666666664,300.6666666666667,300.5,0.9990666666666668,docker_005,-0.8098360655737704,-0.9105448154657294,7.553191489361702,1.7623762376237622,0.0
75,-0.2224334600760456,0.4332275088258619,0.04751461988304093,0.0,0.0,0.11219905540836296,0.20414968506854397,0.11815561959654185,-0.7673730815255347,1.1495244414952446,0.0,0.0,1.0386740331491713,-0.17819706498951773,3.9142857142857146,0.2945945945945945,2.4715909090909087,3.18,0.981751824817518,0.0,0.0,0.17605633802816914,-0.367194507602032,0.5238636363636363,-0.2954333643988816,3.273712737127371,0.0,0.0,0.08195659216067365,-0.16995073891625612,-0.013019517610902651,-0.01548387096774195,0.29057619816909,0.3264545002486327,-0.11107247828745297,-0.1596045197740112,1.09005,477.0,477.0,1.0,5.095157142857143,312.0,312.0,1.0,docker_006,7.0,15.163568773234205,-0.4505928853754941,1.4096,0.0
76,0.7702205882352943,-0.25165274329748805,0.4938775510204082,0.0,0.0,0.3801843317972348,0.4584003385526873,-0.8269005847953216,-0.9074890193216556,-0.9402011416145692,0.0,0.0,-0.9506726457399104,-0.4832138815541305,-0.3711276332094175,-0.3084511072315951,-0.4829971181556196,-0.3727221754976171,-0.4835255354200988,0.0,0.0,0.28104575163398704,0.10948616600790498,-0.2767503302509908,-0.9369912860289188,0.5215562565720295,0.0,0.0,-0.04490013721603882,-0.28078358208955234,-0.21635902010567484,0.07883817427385886,-0.04687281376801467,0.3494584837545128,-0.020407600496362064,-0.2408662900188323,0.69215,573.5,573.5,1.0,9.726371428571428,404.4285714285714,404.28571428571433,0.8571428571428571,docker_001,-0.4594594594594595,-0.7393442622950821,0.6149237472766883,-0.9554794520547945,0.0
77,0.07692307692307683,0.10559006211180112,1.2241379310344829,0.0,0.0,1.646884272997032,1.521505376344086,-0.01886792452830173,-0.7688586788341936,-0.5336278841433482,0.0,0.0,0.23972995350614604,-0.3805503439649781,-0.06818181818181822,-0.6788867145031529,-0.5987577639751553,-0.8901200369344413,-0.6904870277651343,0.0,0.0,-0.4342105263157896,0.6608529164918165,0.3773946360153257,0.8845637583892615,-0.07563025210084054,0.0,0.0,0.1043622813752492,-0.05295315682281062,-0.04066647150663537,0.005649717514124374,-0.28732095408173003,-0.16563658838071693,0.4152236220871876,0.14660025985274994,7.11,234.5,220.5,0.5484,7.846685714285713,80.42857142857143,64.0,0.1982,os_009,-0.2980132450331126,-0.2980132450331126,0.6666666666666666,21.614232209737832,0.0013274870268313284
78,3.3956043956043955,2.626270106453071,1.1781002638522426,0.0,0.0,8.703846153846152,1.2801003344481607,-0.033505154639175284,-0.4982736439426708,-0.7916006339144216,0.0,0.0,-0.6372357434713092,-0.5276595744680852,2.000000000000001,-0.021457046358768075,-0.4624475791078917,-0.9009304871373838,-0.5355676272903048,0.0,0.0,2.2099999999999995,3.752649136577708,4.984894259818732,6.807829181494662,9.109649122807015,0.0,0.0,-0.0855834803757928,0.3866869918699189,0.1963570127504554,-0.09952606635071096,0.03958043589484924,0.0602560718057023,-0.07957342083675158,0.07021791767554468,43.0238,147.0,144.0,0.9032333333333332,49.64957777777778,59.77777777777778,55.444444444444436,0.8213111111111111,os_020,-0.9003590664272891,224.1923076923077,2.333333333333333,-0.9050632911392406,0.0007877280265339968
79,0.5987654320987652,3.038143676486429,0.4783236994219652,0.0,0.0,0.3023648648648647,0.6045845272206299,-0.6469500924214417,0.2122124002925312,-0.7839743589743591,0.0,0.0,-0.773955773955774,-0.7318985956593106,-0.22388059701492533,0.5896888635932461,6.712473572938688,-0.04387568555758694,1.1075877689694225,0.0,0.0,1.974358974358974,28.59278350515464,3.1394230769230766,2.4576271186440675,0.9785992217898832,0.0,0.0,-0.09794559480308557,0.335766423357664,0.05804468284290134,-0.07692307692307683,-0.02055439261687536,-0.05673892554194141,-0.009458088666009484,0.18564742589703595,3.96255,283.5,283.5,1.0,9.991957142857146,130.0,129.85714285714286,0.9980428571428572,docker_002,-0.7140825035561877,0.5506072874493927,0.503937007874016,1.5597826086956526,0.0
80,0.3928571428571426,10.22673030628742,3.1611374407582926,0.0,0.0,1.6093247588424435,3.731707317073171,-0.4577319587628867,-0.1439677536383499,0.19321394910461828,0.0,0.0,0.13147792706333974,-0.4518215866530474,3.0374999999999988,0.23523293267689624,-0.8171589310829817,-0.8496143958868896,-0.5560165975103736,0.0,0.0,2.58904109589041,0.4545454545454544,0.576158940397351,-0.8640068233510235,-0.11392405063291132,0.0,0.0,0.0016619347690604266,-0.10895361380798252,-0.09918711406706006,0.09795735798419544,0.27605843030453064,-0.00992555831265492,0.019229108899361004,0.023281393217232025,0.9498,506.0,506.0,1.0,2.2516714285714285,339.0,339.0,1.0,docker_004,-0.7594936708860759,0.15909090909090914,8.37704918032787,9.308724832214763,0.0
81,0.3066595059076264,4.1685528655798345,0.5153949129852745,0.0,0.0,4.763333333333334,6.203883495145633,-0.4391424619640388,-0.5280343872573471,-0.7120622568093384,0.0,0.0,-0.43588110403397023,-0.6909242994562944,1.8148148148148144,-0.14632191419505716,0.2543554006968641,-0.2815405046480745,0.3445783132530121,0.0,0.0,-0.22115384615384626,1.7965622757958977,0.5294511378848727,0.1714039621016363,-0.07574803149606307,0.0,0.0,-0.09202575104648343,-0.2738955823293173,0.070192160063967,-0.02145110410094636,-0.12163140584193208,0.13589743589743586,0.08950942204442565,-0.15625,2.0746,371.5,370.0,0.99185,4.668371428571429,183.28571428571428,182.42857142857144,0.9757571428571428,os_018,0.8000000000000002,1.4952978056426331,1.654761904761905,-0.6921182266009852,7.088009450679268e-05
82,0.8798185941043084,-0.43202008760604216,0.004219409282700535,0.0,0.0,-0.06666666666666657,-0.3010015814443858,0.029411764705882318,0.32117811725634043,-0.4494584837545126,0.0,0.0,0.12142857142857134,-0.08850778631973176,-0.6330645161290324,-0.8683270089713501,-0.6851475076297049,-0.6584808680753854,-0.7154340836012861,0.0,0.0,9.657142857142855,-0.2758831841733397,-0.06323777403035412,0.6337129840546697,0.2187500000000001,0.0,0.0,0.22940068749334705,0.015644820295982825,0.0990074513913142,0.02523364485981304,-0.06920415224913487,-0.17114914425427874,0.031711198996816965,0.3323943661971829,1.0117,512.5,512.5,1.0,1.6589333333333336,412.5,412.5,1.0,docker_002,-0.8333333333333334,16.72705314009662,0.4878048780487805,-0.1705426356589148,0.0
83,0.0,0.0,0.0,0.0,0.0,0.0,0.0,0.0,0.0,0.0,0.0,0.0,0.0,0.0,-0.4814814814814813,-0.08256880733944938,0.7579250720461094,0.11111111111111112,-0.1309745499689634,0.0,0.0,501.8672680412372,3155.7703543963867,83.44971037388099,91.94064748201441,1437.4594594594596,0.0,0.0,0.25490956072351434,-0.062499999999999965,0.25642735422686525,0.6996699669966998,0.0,0.0,0.0,0.0,58.23502499999999,21.5,15.75,0.7892750000000001,49.2163,18.7,14.2,0.8257200000000001,os_020,0.2,860.7204301075269,0.0,0.0,0.016877637130801686
84,17.724637681159425,804.1064748648482,31.13223140495868,0.0,0.0,118.86,177.35576923076923,-0.8688524590163935,-0.8597419251422618,-0.8849902534113061,0.0,0.0,-0.6610169491525424,-0.8641509433962263,-0.7196581196581198,-0.7592702971191185,-0.12043301759133973,16.554585152838424,-0.8796048569664541,0.0,0.0,-0.6901408450704225,-0.6340923757721029,0.07253886010362688,74.05,0.10938883968113372,0.0,0.0,20.173226934457094,24.703001579778828,-0.0331034482758621,-0.2504472271914131,0.02856972799238142,0.21827411167512686,-0.055501262500322175,-0.15882967607105547,5.141766666666666,112.33333333333331,112.0,0.9980333333333332,4.687575000000002,120.75,120.125,0.9968875,os_017,-0.8592964824120602,57.27272727272726,151.72727272727272,-0.7777777777777778,5.2565180824222026e-05
85,2.236842105263158,3.1812770562770565,0.5880452342487884,0.0,0.0,1.880434782608696,9.036363636363637,-0.5268009559576647,-0.6807149463059307,-0.6073245167853509,0.0,0.0,-0.6653816986855409,-0.6918918918918918,-0.8340248962655602,-0.3560192960036397,-0.8117154811715481,-0.8225308641975309,0.0,0.0,0.0,-0.8611111111111112,-0.8169679192535594,-0.9260563380281692,-0.9183937823834196,-0.9116347569955816,0.0,0.0,0.07850792888034598,0.9619091326296464,-0.13660428465895105,0.018041237113402137,0.01188232830820792,0.06730769230769229,0.010961478233635816,0.050458715596330174,0.86545,560.0,286.0,0.5109,0.9182,553.0,278.0,0.50272,db_003,10.710526315789474,2.581081081081081,0.3518518518518517,-0.12437810945273632,0.03132490738723033
86,-0.7524449877750611,-0.9862194335307573,-0.8751458576429405,0.0,0.0,-0.7261508325171401,-0.9410765310062552,1.2708333333333344,3.992683716413079,0.09023255813953493,0.0,0.0,6.294326241134753,0.019161056447436577,1.0972222222222223,1.2774509803921572,0.7752808988764045,0.18461538461538468,0.2604166666666666,0.0,0.0,0.7253218884120172,-0.4093113482056257,-0.5249406175771971,0.30249110320284683,-0.7285067873303167,0.0,0.0,-0.05418815511971997,0.07500313873195205,-0.06572764928128788,0.2478465789045992,0.03236946057419201,0.29477611940298515,-0.11433610090099385,-0.15376157407407404,2.6295,281.0,281.0,1.0,8.275357142857143,123.57142857142857,123.57142857142857,1.0,docker_007,36.5,-0.7310924369747899,-0.7335766423357664,-0.09615384615384616,0.0
87,-0.8778625954198473,-0.22572605965463105,-0.4884941461445296,0.0,0.0,0.7669962917181709,1.2896379525593011,0.5891472868217051,2.4894560208375074,-0.5308056872037915,0.0,0.0,0.3621987951807229,3.1876832844574783,0.008595988538682072,-0.7206098363977106,-0.8281407035175881,-0.8826335877862596,-0.6808510638297872,0.0,0.0,-0.6331658291457286,-0.4041237113402063,-0.5893719806763285,-0.6404293381037567,-0.7317073170731707,0.0,0.0,0.09784836522095593,-0.03157894736842113,0.12493760864701126,-0.02882483370288261,0.9907975460122704,1.1290322580645162,0.11556603773584888,-0.02479338842975198,0.7635500000000001,463.0,463.0,1.0,2.332557142857143,350.28571428571433,350.28571428571433,1.0,docker_001,2.3181818181818183,-0.7538461538461539,-0.6354961832061068,3.952941176470589,0.0
88,1.0806451612903227,8.112794436655577,0.06934306569343074,0.0,0.0,0.6006097560975611,0.5140845070422536,1.1139240506329111,0.983057935338244,1.5040760869565222,0.0,0.0,0.978201634877384,4.048351648351648,-0.8232558139534883,-0.8997263518141441,-0.8440090429540317,-0.9414868105515588,-0.9491325695581014,0.0,0.0,-0.7372881355932204,-0.7595057034220533,-0.5411585365853658,-0.4808510638297872,-0.7139303482587064,0.0,0.0,-0.26999579131164964,-0.08493384549722569,0.057273574046222214,-0.31575196008553097,0.1644243841426939,0.056716417910447875,0.05382271776936416,0.1601037491157745,1.85445,331.5,331.5,1.0,4.044371428571429,225.14285714285717,225.14285714285717,1.0,docker_008,-0.9422110552763822,-0.1111111111111112,0.2837837837837837,2.108695652173913,0.0
89,0.3254437869822485,-0.6979410897773016,-0.9238683127572016,0.0,0.0,-0.4519743863393809,-0.9601263324121596,0.4714285714285714,7.540758117662348,8.220812182741119,0.0,0.0,2.0326481257557445,0.19888888888888875,-0.7131147540983608,-0.8231864406779661,-0.6837349397590362,-0.8893766461808603,-0.9334398296059638,0.0,0.0,-0.2447257383966245,0.12834954770438642,-0.6065200909780136,0.2286689419795221,-0.205231775341412,0.0,0.0,-0.01460789567702769,-0.1942148760330579,-0.10004828339813486,0.14148681055155862,-0.018799675138328042,-0.06349840255591079,0.012071647408135832,0.17442922374429234,2.66185,361.0,361.0,1.0,6.681628571428571,154.57142857142858,154.57142857142858,1.0,docker_008,-0.8170731707317073,3.7631578947368425,2.277070063694267,13.6,0.0
90,0.9675925925925924,0.30586401957569137,0.3432956381260098,0.0,0.0,-0.4445471349353051,-0.678889359898262,1.3523255813953492,-0.7686056302300233,0.876039304610733,0.0,0.0,0.7153780798640611,-0.1218428437792331,0.028571428571428664,-0.18831168831168832,0.5933609958506223,-0.2658227848101265,-0.4705882352941177,0.0,0.0,1.8571428571428577,0.7342342342342343,1.9673202614379088,-0.4945848375451263,0.2806782686300758,0.0,0.0,0.07326968805842048,-0.01604068857589985,0.6028022307231415,0.0622171945701357,0.0901957085593021,0.07103825136612026,0.009463657610968994,-0.18497109826589606,4.2840500000000015,259.5,259.5,1.0,8.683885714285713,100.28571428571428,100.28571428571428,1.0,os_021,-0.3488372093023256,4.303030303030302,0.3582887700534759,3.5797101449275366,0.0
91,0.6289104638619202,-0.16646236117297836,-0.4381067961165048,0.0,0.0,-0.7067296340023613,-0.4184244002011656,0.10714285714285716,1.766911069063387,3.3919885550786844,0.0,0.0,3.274626865671641,6.38880167451596,2.228571428571428,1.7341359095886189,0.5407407407407407,-0.4473684210526315,-0.045454545454545414,0.0,0.0,-0.7009345794392524,-0.4450402144772119,-0.1532846715328467,-0.17924528301886786,-0.07291666666666669,0.0,0.0,-0.20688729634699524,0.012300683371298264,-0.07382550335570479,0.013651877133105752,-0.06434627005778974,0.14654973459496876,0.0016645919670937276,0.06837630662020901,11.404000000000002,232.5,226.5,0.85365,38.28435,69.625,65.25,0.8305625,os_017,6.238095238095237,-0.8797468354430379,-0.6644736842105263,2.9814814814814814,0.0009280742459396752
92,-0.13924050632911408,-0.12460715195786976,-0.3246200607902736,0.0,0.0,0.28180862250262884,-0.3295422634091548,1.9333333333333331,-0.291714093218282,0.2357575757575758,0.0,0.0,1.0745798319327733,-0.3023664185968727,-0.6814159292035398,0.042378859406370366,0.5205348615090735,-0.3585858585858586,-0.6825396825396826,0.0,0.0,0.07142857142857117,-0.5227260631220395,-0.4314285714285715,0.059523809523809625,0.04385964912280698,0.0,0.0,-0.10419677446666288,-0.11932255581216315,-0.08821396578936139,-0.1588039867109635,0.3927574902797897,0.0684647302904563,-0.12720111052607688,-0.026914949815108308,0.2535,411.0,204.5,0.5,0.1014,424.8,81.8,0.2,db_003,-0.7293729372937293,0.04166666666666671,-0.4980988593155894,1.621495327102804,0.033885654575309745
93,1.7314814814814812,1.9856284937301711,-0.11982082866741325,0.0,0.0,0.3318777292576418,0.2490842490842492,3.3038095238095235,2.6894646911026903,0.8774390243902438,0.0,0.0,0.805444186537244,0.055547801814375485,0.1304347826086958,-0.4002769798771118,-0.13149847094801234,-0.6358118361153262,-0.15708812260536395,0.0,0.0,0.6164383561643837,1.1527093596059117,-0.17241379310344826,0.2000000000000001,1.1763869132290183,0.0,0.0,0.01875691663816165,-0.09756544023430352,0.04252820728567766,0.11798561151079133,0.11001517450682864,0.21945597049331486,0.06419166823909273,0.07796257796257773,2.07565,316.0,316.0,1.0,16.152514285714286,147.42857142857142,146.85714285714286,0.9428571428571428,docker_004,-0.8541666666666666,-0.21212121212121204,-0.6975945017182129,4.218390804597702,0.0
94,-0.6824966078697422,-0.6436008717450243,-0.6617350369872226,0.0,0.0,-0.8492626979792464,-0.8444108761329305,3.90909090909091,5.969457591921067,2.8764792899408285,0.0,0.0,12.407801418439714,3.696707105719239,-0.7889447236180904,-0.08634132255269998,0.9056603773584906,1.2798634812286689,0.8620689655172414,0.0,0.0,-0.6991869918699186,-0.8442778531355716,-0.5133079847908745,-0.8987566607460035,-0.850179211469534,0.0,0.0,0.1989673913043477,-0.2664647993943982,-0.1096611561861568,-0.02493010251630946,0.023224398383696318,0.08148148148148146,0.042363433667781364,0.40531561461794,2.49955,344.0,344.0,1.0,8.024785714285715,143.71428571428572,143.71428571428572,1.0,docker_006,-0.5337837837837838,-0.8990825688073395,-0.9321148825065274,30.517241379310345,0.0
95,1.4638783269961984,-0.6549251962672197,-0.8014018691588785,0.0,0.0,-0.6607283206706838,-0.8333333333333334,2.9204204204204194,6.175221607350843,23.35405405405405,0.0,0.0,-0.07148040638606673,18.5706106870229,6.147186147186147,2.8368133935289688,0.9670944389601844,-0.5178309721543721,-0.3830126701079305,0.0,0.0,-0.5394736842105262,-0.7955465587044535,-0.7812789620018536,-0.799625468164794,-0.9385992964502716,0.0,0.0,-0.01560265131693685,-0.2053571428571428,0.8274645094773578,0.5345622119815666,-0.027438828431480856,-0.02767027863777089,0.1422594142259412,0.34318181818181803,1.4519,414.0,414.0,1.0,1.6233285714285712,287.7142857142857,271.42857142857144,0.8089285714285713,docker_006,0.014880952380952332,-0.9807824296499656,-0.7635467980295567,2.521428571428572,0.0
96,-0.8211538461538462,-0.7163674555056445,-0.7960372960372959,0.0,0.0,-0.6901225666906994,-0.9414492753623188,2.28,0.13871098157754064,2.7529691211401426,0.0,0.0,6.6672694394213385,5.245333333333333,-0.8155246765692381,-0.8011285439031104,-0.7274939172749392,-0.8115942028985508,-0.9090128755364808,0.0,0.0,-0.07894736842105271,1.2186046511627902,3.0682926829268293,1.8970640254686943,-0.4919559695173581,0.0,0.0,0.1070666856249112,-0.047999999999999945,0.1555325316283819,0.19385342789598106,-0.030753429966669018,0.0037375415282391226,-0.06879059530839032,0.1023890784982934,0.49575,618.5,618.5,1.0,17.909466666666667,492.83333333333326,492.83333333333326,1.0,docker_003,-0.7777777777777778,-0.4426229508196721,-0.80078125,1.0202429149797572,0.0
